id,device_id,name,description,usage,curve,msb,lsb,min,max,type
dave_smith_instruments_prophet_rev2_nrpn_0,dave_smith_instruments_prophet_rev2,N OSC1 Freq,,,0-based,0,0,0,16383,Parameter
dave_smith_instruments_prophet_rev2_nrpn_1,dave_smith_instruments_prophet_rev2,N OSC1 Freq Fine,,,0-based,0,1,0,16383,Parameter
dave_smith_instruments_prophet_rev2_nrpn_2,dave_smith_instruments_prophet_rev2,N OSC1 Shape,,,0-based,0,2,0,16383,Parameter
dave_smith_instruments_prophet_rev2_nrpn_3,dave_smith_instruments_prophet_rev2,N OSC1 Glide,,,0-based,0,3,0,16383,Parameter
dave_smith_instruments_prophet_rev2_nrpn_4,dave_smith_instruments_prophet_rev2,N OSC1 KBD ON OFF,,,0-based,0,4,0,16383,Parameter
dave_smith_instruments_prophet_rev2_nrpn_5,dave_smith_instruments_prophet_rev2,N OSC2 Freq,,,0-based,0,5,0,16383,Parameter
dave_smith_instruments_prophet_rev2_nrpn_6,dave_smith_instruments_prophet_rev2,N OSC2 Freq Fine,,,0-based,0,6,0,16383,Parameter
dave_smith_instruments_prophet_rev2_nrpn_7,dave_smith_instruments_prophet_rev2,N OSC2 Shape,,,0-based,0,7,0,16383,Parameter
dave_smith_instruments_prophet_rev2_nrpn_8,dave_smith_instruments_prophet_rev2,N OSC2 Glide,,,0-based,0,8,0,16383,Parameter
dave_smith_instruments_prophet_rev2_nrpn_9,dave_smith_instruments_prophet_rev2,N Sync ON OFF,,,0-based,0,10,0,16383,Parameter
dave_smith_instruments_prophet_rev2_nrpn_10,dave_smith_instruments_prophet_rev2,N GLD Mode,,,0-based,0,11,0,16383,Parameter
dave_smith_instruments_prophet_rev2_nrpn_11,dave_smith_instruments_prophet_rev2,N Slop,,,0-based,0,12,0,16383,Parameter
dave_smith_instruments_prophet_rev2_nrpn_12,dave_smith_instruments_prophet_rev2,N OSC MIX,,,0-based,0,13,0,16383,Parameter
dave_smith_instruments_prophet_rev2_nrpn_13,dave_smith_instruments_prophet_rev2,N Noise,,,0-based,0,14,0,16383,Parameter
dave_smith_instruments_prophet_rev2_nrpn_14,dave_smith_instruments_prophet_rev2,N Filter Cutoff,,,0-based,0,15,0,16383,Parameter
dave_smith_instruments_prophet_rev2_nrpn_15,dave_smith_instruments_prophet_rev2,N Filter RES,,,0-based,0,16,0,16383,Parameter
dave_smith_instruments_prophet_rev2_nrpn_16,dave_smith_instruments_prophet_rev2,N KEY Track,,,0-based,0,17,0,16383,Parameter
dave_smith_instruments_prophet_rev2_nrpn_17,dave_smith_instruments_prophet_rev2,N Audio MOD,,,0-based,0,18,0,16383,Parameter
dave_smith_instruments_prophet_rev2_nrpn_18,dave_smith_instruments_prophet_rev2,N2 PL4 PL MDE,,,0-based,0,19,0,16383,Parameter
dave_smith_instruments_prophet_rev2_nrpn_19,dave_smith_instruments_prophet_rev2,N Filter ENV AMT,,,0-based,0,20,0,16383,Parameter
dave_smith_instruments_prophet_rev2_nrpn_20,dave_smith_instruments_prophet_rev2,N Filter ENV VEL,,,0-based,0,21,0,16383,Parameter
dave_smith_instruments_prophet_rev2_nrpn_21,dave_smith_instruments_prophet_rev2,N Filter ENV DLY,,,0-based,0,22,0,16383,Parameter
dave_smith_instruments_prophet_rev2_nrpn_22,dave_smith_instruments_prophet_rev2,N Filter ENV ATT,,,0-based,0,23,0,16383,Parameter
dave_smith_instruments_prophet_rev2_nrpn_23,dave_smith_instruments_prophet_rev2,N Filter ENV DEC,,,0-based,0,24,0,16383,Parameter
dave_smith_instruments_prophet_rev2_nrpn_24,dave_smith_instruments_prophet_rev2,N Filter ENV SUS,,,0-based,0,25,0,16383,Parameter
dave_smith_instruments_prophet_rev2_nrpn_25,dave_smith_instruments_prophet_rev2,N Filter ENV REL,,,0-based,0,26,0,16383,Parameter
dave_smith_instruments_prophet_rev2_nrpn_26,dave_smith_instruments_prophet_rev2,N PAN Spread,,,0-based,0,28,0,16383,Parameter
dave_smith_instruments_prophet_rev2_nrpn_27,dave_smith_instruments_prophet_rev2,N Voice Volume,,,0-based,0,29,0,16383,Parameter
dave_smith_instruments_prophet_rev2_nrpn_28,dave_smith_instruments_prophet_rev2,N VCA ENV AMT,,,0-based,0,30,0,16383,Parameter
dave_smith_instruments_prophet_rev2_nrpn_29,dave_smith_instruments_prophet_rev2,N VCA ENV VEL,,,0-based,0,31,0,16383,Parameter
dave_smith_instruments_prophet_rev2_nrpn_30,dave_smith_instruments_prophet_rev2,N VCA ENV DEL,,,0-based,0,32,0,16383,Parameter
dave_smith_instruments_prophet_rev2_nrpn_31,dave_smith_instruments_prophet_rev2,N VCA ENV ATT,,,0-based,0,33,0,16383,Parameter
dave_smith_instruments_prophet_rev2_nrpn_32,dave_smith_instruments_prophet_rev2,N VCA ENV DEC,,,0-based,0,34,0,16383,Parameter
dave_smith_instruments_prophet_rev2_nrpn_33,dave_smith_instruments_prophet_rev2,N VCA ENV SUS,,,0-based,0,35,0,16383,Parameter
dave_smith_instruments_prophet_rev2_nrpn_34,dave_smith_instruments_prophet_rev2,N VCA ENV REL,,,0-based,0,37,0,16383,Parameter
dave_smith_instruments_prophet_rev2_nrpn_35,dave_smith_instruments_prophet_rev2,N LFO1 Shape,,,0-based,0,38,0,16383,Parameter
dave_smith_instruments_prophet_rev2_nrpn_36,dave_smith_instruments_prophet_rev2,N LFO1 Amoun,,,0-based,0,39,0,16383,Parameter
dave_smith_instruments_prophet_rev2_nrpn_37,dave_smith_instruments_prophet_rev2,N LFO1 Dest,,,0-based,0,40,0,16383,Parameter
dave_smith_instruments_prophet_rev2_nrpn_38,dave_smith_instruments_prophet_rev2,N LFO1 CLK Sync,,,0-based,0,41,0,16383,Parameter
dave_smith_instruments_prophet_rev2_nrpn_39,dave_smith_instruments_prophet_rev2,N LFO2 Freq,,,0-based,0,42,0,16383,Parameter
dave_smith_instruments_prophet_rev2_nrpn_40,dave_smith_instruments_prophet_rev2,N LFO2 Shape,,,0-based,0,43,0,16383,Parameter
dave_smith_instruments_prophet_rev2_nrpn_41,dave_smith_instruments_prophet_rev2,N LFO2 Amnt,,,0-based,0,49,0,16383,Parameter
dave_smith_instruments_prophet_rev2_nrpn_42,dave_smith_instruments_prophet_rev2,N LFO2 Dest,,,0-based,0,45,0,16383,Parameter
dave_smith_instruments_prophet_rev2_nrpn_43,dave_smith_instruments_prophet_rev2,N LFO2 CLK Sync,,,0-based,0,46,0,16383,Parameter
dave_smith_instruments_prophet_rev2_nrpn_44,dave_smith_instruments_prophet_rev2,N LFO3 Freq,,,0-based,0,47,0,16383,Parameter
dave_smith_instruments_prophet_rev2_nrpn_45,dave_smith_instruments_prophet_rev2,N LFO3 Shape,,,0-based,0,48,0,16383,Parameter
dave_smith_instruments_prophet_rev2_nrpn_46,dave_smith_instruments_prophet_rev2,N LFO Dest,,,0-based,0,50,0,16383,Parameter
dave_smith_instruments_prophet_rev2_nrpn_47,dave_smith_instruments_prophet_rev2,N LFO3 CLK Sync,,,0-based,0,51,0,16383,Parameter
dave_smith_instruments_prophet_rev2_nrpn_48,dave_smith_instruments_prophet_rev2,N LFO Freq,,,0-based,0,52,0,16383,Parameter
dave_smith_instruments_prophet_rev2_nrpn_49,dave_smith_instruments_prophet_rev2,N LFO4 Shape,,,0-based,0,53,0,16383,Parameter
dave_smith_instruments_prophet_rev2_nrpn_50,dave_smith_instruments_prophet_rev2,N LFO4 Amnt,,,0-based,0,54,0,16383,Parameter
dave_smith_instruments_prophet_rev2_nrpn_51,dave_smith_instruments_prophet_rev2,N LFO4 Dest,,,0-based,0,55,0,16383,Parameter
dave_smith_instruments_prophet_rev2_nrpn_52,dave_smith_instruments_prophet_rev2,N LFO4 CLK Sync,,,0-based,0,56,0,16383,Parameter
dave_smith_instruments_prophet_rev2_nrpn_53,dave_smith_instruments_prophet_rev2,N ENV3 Dest,,,0-based,0,57,0,16383,Parameter
dave_smith_instruments_prophet_rev2_nrpn_54,dave_smith_instruments_prophet_rev2,N ENV3 Amnt,,,0-based,0,58,0,16383,Parameter
dave_smith_instruments_prophet_rev2_nrpn_55,dave_smith_instruments_prophet_rev2,N ENV3 VEL,,,0-based,0,59,0,16383,Parameter
dave_smith_instruments_prophet_rev2_nrpn_56,dave_smith_instruments_prophet_rev2,N ENV3 DEL,,,0-based,0,60,0,16383,Parameter
dave_smith_instruments_prophet_rev2_nrpn_57,dave_smith_instruments_prophet_rev2,N ENV3 ATT,,,0-based,0,61,0,16383,Parameter
dave_smith_instruments_prophet_rev2_nrpn_58,dave_smith_instruments_prophet_rev2,N ENV3 DEC,,,0-based,0,62,0,16383,Parameter
dave_smith_instruments_prophet_rev2_nrpn_59,dave_smith_instruments_prophet_rev2,N ENV3 SUS,,,0-based,0,63,0,16383,Parameter
dave_smith_instruments_prophet_rev2_nrpn_60,dave_smith_instruments_prophet_rev2,N ENV3 REL,,,0-based,0,64,0,16383,Parameter
dave_smith_instruments_prophet_rev2_nrpn_61,dave_smith_instruments_prophet_rev2,N MOD1 Source,,,0-based,0,65,0,16383,Parameter
dave_smith_instruments_prophet_rev2_nrpn_62,dave_smith_instruments_prophet_rev2,N MOD1 Amnt,,,0-based,0,66,0,16383,Parameter
dave_smith_instruments_prophet_rev2_nrpn_63,dave_smith_instruments_prophet_rev2,N MOD1 Dest,,,0-based,0,67,0,16383,Parameter
dave_smith_instruments_prophet_rev2_nrpn_64,dave_smith_instruments_prophet_rev2,N MOD2 Source,,,0-based,0,68,0,16383,Parameter
dave_smith_instruments_prophet_rev2_nrpn_65,dave_smith_instruments_prophet_rev2,N MOD2 Amnt,,,0-based,0,69,0,16383,Parameter
dave_smith_instruments_prophet_rev2_nrpn_66,dave_smith_instruments_prophet_rev2,N MOD2 Dest,,,0-based,0,70,0,16383,Parameter
dave_smith_instruments_prophet_rev2_nrpn_67,dave_smith_instruments_prophet_rev2,N MOD3 Source,,,0-based,0,71,0,16383,Parameter
dave_smith_instruments_prophet_rev2_nrpn_68,dave_smith_instruments_prophet_rev2,N MOD3 Amnt,,,0-based,0,72,0,16383,Parameter
dave_smith_instruments_prophet_rev2_nrpn_69,dave_smith_instruments_prophet_rev2,N MOD3 Dest,,,0-based,0,73,0,16383,Parameter
dave_smith_instruments_prophet_rev2_nrpn_70,dave_smith_instruments_prophet_rev2,N MOD4 Source,,,0-based,0,74,0,16383,Parameter
dave_smith_instruments_prophet_rev2_nrpn_71,dave_smith_instruments_prophet_rev2,N MOD4 Amnt,,,0-based,0,75,0,16383,Parameter
dave_smith_instruments_prophet_rev2_nrpn_72,dave_smith_instruments_prophet_rev2,N MOD4 Dest,,,0-based,0,76,0,16383,Parameter
dave_smith_instruments_prophet_rev2_nrpn_73,dave_smith_instruments_prophet_rev2,N MOD5 Source,,,0-based,0,77,0,16383,Parameter
dave_smith_instruments_prophet_rev2_nrpn_74,dave_smith_instruments_prophet_rev2,N MOD5 Amnt,,,0-based,0,78,0,16383,Parameter
dave_smith_instruments_prophet_rev2_nrpn_75,dave_smith_instruments_prophet_rev2,N MOD5 Dest,,,0-based,0,79,0,16383,Parameter
dave_smith_instruments_prophet_rev2_nrpn_76,dave_smith_instruments_prophet_rev2,N MOD6 Source,,,0-based,0,80,0,16383,Parameter
dave_smith_instruments_prophet_rev2_nrpn_77,dave_smith_instruments_prophet_rev2,N MOD6 Amnt,,,0-based,0,81,0,16383,Parameter
dave_smith_instruments_prophet_rev2_nrpn_78,dave_smith_instruments_prophet_rev2,N MOD6 Dest,,,0-based,0,82,0,16383,Parameter
dave_smith_instruments_prophet_rev2_nrpn_79,dave_smith_instruments_prophet_rev2,N MOD7 Source,,,0-based,0,83,0,16383,Parameter
dave_smith_instruments_prophet_rev2_nrpn_80,dave_smith_instruments_prophet_rev2,N MOD7 Amnt,,,0-based,0,84,0,16383,Parameter
dave_smith_instruments_prophet_rev2_nrpn_81,dave_smith_instruments_prophet_rev2,N MOD7 Dest,,,0-based,0,85,0,16383,Parameter
dave_smith_instruments_prophet_rev2_nrpn_82,dave_smith_instruments_prophet_rev2,N MOD8 Source,,,0-based,0,86,0,16383,Parameter
dave_smith_instruments_prophet_rev2_nrpn_83,dave_smith_instruments_prophet_rev2,N MOD8 Amnt,,,0-based,0,87,0,16383,Parameter
dave_smith_instruments_prophet_rev2_nrpn_84,dave_smith_instruments_prophet_rev2,N MOD8 Dest,,,0-based,0,88,0,16383,Parameter
dave_smith_instruments_prophet_rev2_nrpn_85,dave_smith_instruments_prophet_rev2,N ENV3 Rept ON OFF,,,0-based,0,97,0,16383,Parameter
dave_smith_instruments_prophet_rev2_nrpn_86,dave_smith_instruments_prophet_rev2,N OSC1 Note Rset,,,0-based,0,99,0,16383,Parameter
dave_smith_instruments_prophet_rev2_nrpn_87,dave_smith_instruments_prophet_rev2,N OSC1 PUL WID,,,0-based,0,102,0,16383,Parameter
dave_smith_instruments_prophet_rev2_nrpn_88,dave_smith_instruments_prophet_rev2,N OSC2 PUL WID,,,0-based,0,103,0,16383,Parameter
dave_smith_instruments_prophet_rev2_nrpn_89,dave_smith_instruments_prophet_rev2,N OSC2 Note Reset,,,0-based,0,104,0,16383,Parameter
dave_smith_instruments_prophet_rev2_nrpn_90,dave_smith_instruments_prophet_rev2,N LFO1 KEY Sync,,,0-based,0,105,0,16383,Parameter
dave_smith_instruments_prophet_rev2_nrpn_91,dave_smith_instruments_prophet_rev2,N LFO2 KEY Sync,,,0-based,0,106,0,16383,Parameter
dave_smith_instruments_prophet_rev2_nrpn_92,dave_smith_instruments_prophet_rev2,N LFO3 KEY Sync,,,0-based,0,107,0,16383,Parameter
dave_smith_instruments_prophet_rev2_nrpn_93,dave_smith_instruments_prophet_rev2,N LFO4 KEY Sync,,,0-based,0,108,0,16383,Parameter
dave_smith_instruments_prophet_rev2_nrpn_94,dave_smith_instruments_prophet_rev2,N GLD ON OFF,,,0-based,0,111,0,16383,Parameter
dave_smith_instruments_prophet_rev2_nrpn_95,dave_smith_instruments_prophet_rev2,N Ptch BND RGE,,,0-based,0,113,0,16383,Parameter
dave_smith_instruments_prophet_rev2_nrpn_96,dave_smith_instruments_prophet_rev2,N PAN Mode,,,0-based,0,114,0,16383,Parameter
dave_smith_instruments_prophet_rev2_nrpn_97,dave_smith_instruments_prophet_rev2,N MOD WHL Amnt,,,0-based,0,116,0,16383,Parameter
dave_smith_instruments_prophet_rev2_nrpn_98,dave_smith_instruments_prophet_rev2,N MOD WHL Dest,,,0-based,0,117,0,16383,Parameter
dave_smith_instruments_prophet_rev2_nrpn_99,dave_smith_instruments_prophet_rev2,N Presr Amnt,,,0-based,0,118,0,16383,Parameter
dave_smith_instruments_prophet_rev2_nrpn_100,dave_smith_instruments_prophet_rev2,N Presr Dest,,,0-based,0,119,0,16383,Parameter
dave_smith_instruments_prophet_rev2_nrpn_101,dave_smith_instruments_prophet_rev2,N Brth Amnt,,,0-based,0,120,0,16383,Parameter
dave_smith_instruments_prophet_rev2_nrpn_102,dave_smith_instruments_prophet_rev2,N Brth Dest,,,0-based,0,121,0,16383,Parameter
dave_smith_instruments_prophet_rev2_nrpn_103,dave_smith_instruments_prophet_rev2,N Velo Amnt,,,0-based,0,122,0,16383,Parameter
dave_smith_instruments_prophet_rev2_nrpn_104,dave_smith_instruments_prophet_rev2,N Velo Dest,,,0-based,0,123,0,16383,Parameter
dave_smith_instruments_prophet_rev2_nrpn_105,dave_smith_instruments_prophet_rev2,N FT Ctrl Amnt,,,0-based,0,124,0,16383,Parameter
dave_smith_instruments_prophet_rev2_nrpn_106,dave_smith_instruments_prophet_rev2,N FT Ctrl Dest,,,0-based,0,125,0,16383,Parameter
dave_smith_instruments_prophet_rev2_nrpn_107,dave_smith_instruments_prophet_rev2,N FX ON OFF,,,0-based,1,25,0,16383,Parameter
dave_smith_instruments_prophet_rev2_nrpn_108,dave_smith_instruments_prophet_rev2,N FX Select,,,0-based,1,26,0,16383,Parameter
dave_smith_instruments_prophet_rev2_nrpn_109,dave_smith_instruments_prophet_rev2,N FX Param1,,,0-based,1,28,0,16383,Parameter
dave_smith_instruments_prophet_rev2_nrpn_110,dave_smith_instruments_prophet_rev2,N FX Param2,,,0-based,1,29,0,16383,Parameter
elektron_analog_four_mkii_nrpn_0,elektron_analog_four_mkii,Performance: Parameter A,,,0-based,0,0,0,127,Performance
elektron_analog_four_mkii_nrpn_1,elektron_analog_four_mkii,Performance: Parameter B,,,0-based,0,1,0,127,Performance
elektron_analog_four_mkii_nrpn_2,elektron_analog_four_mkii,Performance: Parameter C,,,0-based,0,2,0,127,Performance
elektron_analog_four_mkii_nrpn_3,elektron_analog_four_mkii,Performance: Parameter D,,,0-based,0,3,0,127,Performance
elektron_analog_four_mkii_nrpn_4,elektron_analog_four_mkii,Performance: Parameter E,,,0-based,0,4,0,127,Performance
elektron_analog_four_mkii_nrpn_5,elektron_analog_four_mkii,Performance: Parameter F,,,0-based,0,5,0,127,Performance
elektron_analog_four_mkii_nrpn_6,elektron_analog_four_mkii,Performance: Parameter G,,,0-based,0,6,0,127,Performance
elektron_analog_four_mkii_nrpn_7,elektron_analog_four_mkii,Performance: Parameter H,,,0-based,0,7,0,127,Performance
elektron_analog_four_mkii_nrpn_8,elektron_analog_four_mkii,Performance: Parameter I,,,0-based,0,8,0,127,Performance
elektron_analog_four_mkii_nrpn_9,elektron_analog_four_mkii,Performance: Parameter J,,,0-based,0,9,0,127,Performance
elektron_analog_four_mkii_nrpn_10,elektron_analog_four_mkii,Track: Mute,,0: Off; 1: On,0-based,1,101,0,1,Track
elektron_analog_four_mkii_nrpn_11,elektron_analog_four_mkii,Track: Level,,,0-based,1,100,0,127,Track
elektron_analog_four_mkii_nrpn_12,elektron_analog_four_mkii,OSC1: Pitch,,,Centered,1,0,0,16383,Synth: OSC1
elektron_analog_four_mkii_nrpn_13,elektron_analog_four_mkii,OSC1: Linear Detune,,,Centered,1,2,0,127,Synth: OSC1
elektron_analog_four_mkii_nrpn_14,elektron_analog_four_mkii,OSC1: Keytracking,,0: Off; 1: On,0-based,1,3,0,1,Synth: OSC1
elektron_analog_four_mkii_nrpn_15,elektron_analog_four_mkii,OSC1: Level,,,0-based,1,4,0,127,Synth: OSC1
elektron_analog_four_mkii_nrpn_16,elektron_analog_four_mkii,OSC1: Waveform,,0: Sawtooth; 1: Transistor Pulse; 2: Pulse; 3: Triangle; 4: Input Left; 5: Input Right; 6: Filter Feedback; 7: Off,0-based,1,5,0,7,Synth: OSC1
elektron_analog_four_mkii_nrpn_17,elektron_analog_four_mkii,OSC1: Sub Oscillator,,0: Off; 1: Square -1 Octave; 2: Square -2 Octave; 3: 25% Pulse -2; 4: 33% Pulse 5th,0-based,1,6,0,4,Synth: OSC1
elektron_analog_four_mkii_nrpn_18,elektron_analog_four_mkii,OSC1: Pulsewidth,,,Centered,1,7,0,127,Synth: OSC1
elektron_analog_four_mkii_nrpn_19,elektron_analog_four_mkii,OSC1: PWM Depth,,,0-based,1,9,0,127,Synth: OSC1
elektron_analog_four_mkii_nrpn_20,elektron_analog_four_mkii,OSC1: AM,,0: Off; 1: On,0-based,1,30,0,1,Synth: OSC1
elektron_analog_four_mkii_nrpn_21,elektron_analog_four_mkii,OSC2: Pitch,,,Centered,1,20,0,16383,Synth: OSC2
elektron_analog_four_mkii_nrpn_22,elektron_analog_four_mkii,OSC2: Detune,,,0-based,1,22,0,127,Synth: OSC2
elektron_analog_four_mkii_nrpn_23,elektron_analog_four_mkii,OSC2: Keytracking,,0: Off; 1: On,0-based,1,23,0,1,Synth: OSC2
elektron_analog_four_mkii_nrpn_24,elektron_analog_four_mkii,OSC2: Level,,,0-based,1,2,0,127,Synth: OSC2
elektron_analog_four_mkii_nrpn_25,elektron_analog_four_mkii,OSC2: Waveform,,0: Sawtooth; 1: Transistor Pulse; 2: Pulse; 3: Triangle; 4: In Left; 5: In Right; 6: Neighbor; 7: Off,0-based,1,25,0,7,Synth: OSC2
elektron_analog_four_mkii_nrpn_26,elektron_analog_four_mkii,OSC2: Sub Oscillator,,0: Off; 1: 1 Octave; 2: 2 Octave; 3: 2 Pulse; 4: 5th,0-based,1,26,0,4,Synth: OSC2
elektron_analog_four_mkii_nrpn_27,elektron_analog_four_mkii,OSC2: Pulsewidth,,,Centered,1,27,0,127,Synth: OSC2
elektron_analog_four_mkii_nrpn_28,elektron_analog_four_mkii,OSC2: PWM Depth,,,0-based,1,29,0,127,Synth: OSC2
elektron_analog_four_mkii_nrpn_29,elektron_analog_four_mkii,OSC2: AM,,0: Off; 1: On,0-based,1,35,0,1,Synth: OSC2
elektron_analog_four_mkii_nrpn_30,elektron_analog_four_mkii,OSC: Sync Mode,,0: Off; 1: Osc1->Osc2; 2: Osc2->Osc1; 3: Metal Sync,0-based,1,31,0,3,Synth: OSC
elektron_analog_four_mkii_nrpn_31,elektron_analog_four_mkii,OSC: Sync Amount,,,0-based,1,32,0,127,Synth: OSC
elektron_analog_four_mkii_nrpn_32,elektron_analog_four_mkii,OSC: Bend Amount,,,Centered,1,33,0,127,Synth: OSC
elektron_analog_four_mkii_nrpn_33,elektron_analog_four_mkii,OSC: Slide Time,,,0-based,1,34,0,127,Synth: OSC
elektron_analog_four_mkii_nrpn_34,elektron_analog_four_mkii,OSC: Oscilator Retrig,,0: Off; 1: On,0-based,1,36,0,1,Synth: OSC
elektron_analog_four_mkii_nrpn_35,elektron_analog_four_mkii,OSC: Vibrato Fade,,,Centered,1,37,0,127,Synth: OSC
elektron_analog_four_mkii_nrpn_36,elektron_analog_four_mkii,OSC: Vibrato Speed,,,0-based,1,38,0,127,Synth: OSC
elektron_analog_four_mkii_nrpn_37,elektron_analog_four_mkii,OSC: Vibrato Depth,,,0-based,1,39,0,127,Synth: OSC
elektron_analog_four_mkii_nrpn_38,elektron_analog_four_mkii,Noise: S&H,,,0-based,1,10,0,127,Synth: Noise
elektron_analog_four_mkii_nrpn_39,elektron_analog_four_mkii,Noise: Color,,,Centered,1,11,0,127,Synth: Noise
elektron_analog_four_mkii_nrpn_40,elektron_analog_four_mkii,Noise: Fade,,,0-based,1,12,0,127,Synth: Noise
elektron_analog_four_mkii_nrpn_41,elektron_analog_four_mkii,Noise: Level,,,0-based,1,14,0,127,Synth: Noise
elektron_analog_four_mkii_nrpn_42,elektron_analog_four_mkii,Filter 1: Frequency,,,0-based,1,40,0,127,Filters
elektron_analog_four_mkii_nrpn_43,elektron_analog_four_mkii,Filter 1: Resonance,,,0-based,1,41,0,127,Filters
elektron_analog_four_mkii_nrpn_44,elektron_analog_four_mkii,Filter 1: Overdrive,,,0-based,1,42,0,127,Filters
elektron_analog_four_mkii_nrpn_45,elektron_analog_four_mkii,Filter 1: Keytracking,,,Centered,1,43,0,127,Filters
elektron_analog_four_mkii_nrpn_46,elektron_analog_four_mkii,Filter 1: Envelope Depth,,,Centered,1,44,0,127,Filters
elektron_analog_four_mkii_nrpn_47,elektron_analog_four_mkii,Filter 2: Frequency,,,0-based,1,45,0,127,Filters
elektron_analog_four_mkii_nrpn_48,elektron_analog_four_mkii,Filter 2: Resonance,,,0-based,1,46,0,127,Filters
elektron_analog_four_mkii_nrpn_49,elektron_analog_four_mkii,Filter 2: Type,,0: 2-pole Lowpass; 1: 1-pole Lowpass; 2: Bandpass; 3: 1-pole Highpass; 4: 2-pole Highpass; 5: Bandstop; 6: Peak,0-based,1,47,0,6,Filters
elektron_analog_four_mkii_nrpn_50,elektron_analog_four_mkii,Filter 2: Keytracking,,,Centered,1,48,0,127,Filters
elektron_analog_four_mkii_nrpn_51,elektron_analog_four_mkii,Filter 2: Envelope Depth,,,Centered,1,49,0,127,Filters
elektron_analog_four_mkii_nrpn_52,elektron_analog_four_mkii,Amp: Chorus Send,,,0-based,1,55,0,127,Amp
elektron_analog_four_mkii_nrpn_53,elektron_analog_four_mkii,Amp: Delay Send,,,0-based,1,56,0,127,Amp
elektron_analog_four_mkii_nrpn_54,elektron_analog_four_mkii,Amp: Reverb Send,,,0-based,1,57,0,127,Amp
elektron_analog_four_mkii_nrpn_55,elektron_analog_four_mkii,Amp: Pan,,,Centered,1,58,0,127,Amp
elektron_analog_four_mkii_nrpn_56,elektron_analog_four_mkii,Amp: Volume,,,0-based,1,59,0,127,Amp
elektron_analog_four_mkii_nrpn_57,elektron_analog_four_mkii,Amp Env: Attack,,,0-based,1,50,0,127,Envelopes
elektron_analog_four_mkii_nrpn_58,elektron_analog_four_mkii,Amp Env: Decay,,,0-based,1,51,0,127,Envelopes
elektron_analog_four_mkii_nrpn_59,elektron_analog_four_mkii,Amp Env: Sustain,,,0-based,1,52,0,127,Envelopes
elektron_analog_four_mkii_nrpn_60,elektron_analog_four_mkii,Amp Env: Release,,,0-based,1,53,0,127,Envelopes
elektron_analog_four_mkii_nrpn_61,elektron_analog_four_mkii,Amp Env: Shape,,0: Linear ADR; 1: Linear ADR (R); 2: Standard; 3: Standard (R); 4: E.A / L.DR; 5: E.A / L.DR (R); 6: Exp. ADR; 7: Exp. ADR (R); 8: Full ADR; 9: Full ADR (R); 10: F.A / E.DR; 11: F.A / E.DR (R),0-based,1,54,0,11,Envelopes
elektron_analog_four_mkii_nrpn_62,elektron_analog_four_mkii,Filter Env: Attack,,,0-based,1,60,0,127,Envelopes
elektron_analog_four_mkii_nrpn_63,elektron_analog_four_mkii,Filter Env: Decay,,,0-based,1,61,0,127,Envelopes
elektron_analog_four_mkii_nrpn_64,elektron_analog_four_mkii,Filter Env: Sustain,,,0-based,1,62,0,127,Envelopes
elektron_analog_four_mkii_nrpn_65,elektron_analog_four_mkii,Filter Env: Release,,,0-based,1,63,0,127,Envelopes
elektron_analog_four_mkii_nrpn_66,elektron_analog_four_mkii,Filter Env: Shape,,0: Linear ADR; 1: Linear ADR (R); 2: Standard; 3: Standard (R); 4: E.A / L.DR; 5: E.A / L.DR (R); 6: Exp. ADR; 7: Exp. ADR (R); 8: Full ADR; 9: Full ADR (R); 10: F.A / E.DR; 11: F.A / E.DR (R),0-based,1,64,0,11,Envelopes
elektron_analog_four_mkii_nrpn_67,elektron_analog_four_mkii,Filter Env: Gate Length,,,0-based,1,65,0,127,Envelopes
elektron_analog_four_mkii_nrpn_68,elektron_analog_four_mkii,Filter Env: Destination A,,96: META:None; 18: OSC1:Pitch Mod; 97: OSC1:Freq Mod; 2: OSC1:Linear Detune; 4: OSC1:Keytrack; 6: OSC1:Level; 8: OSC1:Waveform; 10: OSC1:Sub Oscilator; 12: OSC1:Pulsewidth; 14: OSC1:PWM Speed; 16: OSC1:PWM Depth; 24: OSC1:Osc1 AM; 19: OSC2:Pitch Mod; 98: OSC2:Freq Mod; 3: OSC2:Linear Detune; 5: OSC2:Keytrack; 7: OSC2:Level; 9: OSC2:Waveform; 11: OSC2:Sub Oscilator; 13: OSC2:Pulsewidth; 15: OSC2:PWM Speed; 17: OSC2:PWM Depth; 25: OSC2:Osc2 AM; 20: OSCX:Pitch Mod; 99: OSCX:Freq Mod; 26: OSCX:Sync Mode; 27: OSCX:Sync Amount; 28: OSCX:Bend Depth; 29: OSCX:Note Slide Time; 31: OSCX:Vibrato Fade; 32: OSCX:Vibrato Speed; 33: OSCX:Vibrato Depth; 21: NOISE:Noise S&H; 100: NOISE:Noise Color; 22: NOISE:Noise Fade; 23: NOISE:Noise Level; 34: FILT:F1 Frequency; 35: FILT:F1 Resonance; 38: FILT:F1 EnfF Depth; 36: FILT:F1 Overdrive; 39: FILT:F2 Frequency; 40: FILT:F2 Resonance; 43: FILT:F2 EnvF Depth; 44: FILT:F1+F2 Freq.; 53: AMP:EnvA Attack; 56: AMP:EnvA Decay; 59: AMP:EnvA Sustain; 62: AMP:EnvA Release; 65: AMP:EnvA Shape; 45: AMP:Chorus Send; 46: AMP:Delay Send; 47: AMP:Reverb Send; 48: AMP:Pan; 49: AMP:Volume; 50: AMP:Accent Level; 51: ENVF:Attack; 54: ENVF:Decay; 57: ENVF:Sustain; 60: ENVF:Release; 63: ENVF:Shape; 72: ENVF:Depth A; 73: ENVF:Depth B; 76: LFO1:Speed; 78: LFO1:Multiplier; 80: LFO1:Fade In/Out; 82: LFO1:Start Phase; 92: LFO1:Depth A; 93: LFO1:Depth B; 0-127: META:None,0-based,1,66,0,127,Envelopes
elektron_analog_four_mkii_nrpn_69,elektron_analog_four_mkii,Filter Env: Depth A,,,Centered,1,67,0,127,Envelopes
elektron_analog_four_mkii_nrpn_70,elektron_analog_four_mkii,Filter Env: Destination B,,96: META:None; 18: OSC1:Pitch Mod; 97: OSC1:Freq Mod; 2: OSC1:Linear Detune; 4: OSC1:Keytrack; 6: OSC1:Level; 8: OSC1:Waveform; 10: OSC1:Sub Oscilator; 12: OSC1:Pulsewidth; 14: OSC1:PWM Speed; 16: OSC1:PWM Depth; 24: OSC1:Osc1 AM; 19: OSC2:Pitch Mod; 98: OSC2:Freq Mod; 3: OSC2:Linear Detune; 5: OSC2:Keytrack; 7: OSC2:Level; 9: OSC2:Waveform; 11: OSC2:Sub Oscilator; 13: OSC2:Pulsewidth; 15: OSC2:PWM Speed; 17: OSC2:PWM Depth; 25: OSC2:Osc2 AM; 20: OSCX:Pitch Mod; 99: OSCX:Freq Mod; 26: OSCX:Sync Mode; 27: OSCX:Sync Amount; 28: OSCX:Bend Depth; 29: OSCX:Note Slide Time; 31: OSCX:Vibrato Fade; 32: OSCX:Vibrato Speed; 33: OSCX:Vibrato Depth; 21: NOISE:Noise S&H; 100: NOISE:Noise Color; 22: NOISE:Noise Fade; 23: NOISE:Noise Level; 34: FILT:F1 Frequency; 35: FILT:F1 Resonance; 38: FILT:F1 EnfF Depth; 36: FILT:F1 Overdrive; 39: FILT:F2 Frequency; 40: FILT:F2 Resonance; 43: FILT:F2 EnvF Depth; 44: FILT:F1+F2 Freq.; 53: AMP:EnvA Attack; 56: AMP:EnvA Decay; 59: AMP:EnvA Sustain; 62: AMP:EnvA Release; 65: AMP:EnvA Shape; 45: AMP:Chorus Send; 46: AMP:Delay Send; 47: AMP:Reverb Send; 48: AMP:Pan; 49: AMP:Volume; 50: AMP:Accent Level; 51: ENVF:Attack; 54: ENVF:Decay; 57: ENVF:Sustain; 60: ENVF:Release; 63: ENVF:Shape; 72: ENVF:Depth A; 73: ENVF:Depth B; 76: LFO1:Speed; 78: LFO1:Multiplier; 80: LFO1:Fade In/Out; 82: LFO1:Start Phase; 92: LFO1:Depth A; 93: LFO1:Depth B; 0-127: META:None,0-based,1,68,0,127,Envelopes
elektron_analog_four_mkii_nrpn_71,elektron_analog_four_mkii,Filter Env: Depth B,,,Centered,1,69,0,127,Envelopes
elektron_analog_four_mkii_nrpn_72,elektron_analog_four_mkii,AUX Env: Attack,,,0-based,1,70,0,127,Envelopes
elektron_analog_four_mkii_nrpn_73,elektron_analog_four_mkii,AUX Env: Decay,,,0-based,1,71,0,127,Envelopes
elektron_analog_four_mkii_nrpn_74,elektron_analog_four_mkii,AUX Env: Sustain,,,0-based,1,72,0,127,Envelopes
elektron_analog_four_mkii_nrpn_75,elektron_analog_four_mkii,AUX Env: Release,,,0-based,1,7,0,127,Envelopes
elektron_analog_four_mkii_nrpn_76,elektron_analog_four_mkii,AUX Env: Shape,,0: Linear ADR; 1: Linear ADR (R); 2: Standard; 3: Standard (R); 4: E.A / L.DR; 5: E.A / L.DR (R); 6: Exp. ADR; 7: Exp. ADR (R); 8: Full ADR; 9: Full ADR (R); 10: F.A / E.DR; 11: F.A / E.DR (R),0-based,1,74,0,11,Envelopes
elektron_analog_four_mkii_nrpn_77,elektron_analog_four_mkii,AUX Env: Gate Length,,,0-based,1,75,0,127,Envelopes
elektron_analog_four_mkii_nrpn_78,elektron_analog_four_mkii,AUX Env: Destination A,,96: META:None; 18: OSC1:Pitch Mod; 97: OSC1:Freq Mod; 2: OSC1:Linear Detune; 4: OSC1:Keytrack; 6: OSC1:Level; 8: OSC1:Waveform; 10: OSC1:Sub Oscilator; 12: OSC1:Pulsewidth; 14: OSC1:PWM Speed; 16: OSC1:PWM Depth; 24: OSC1:Osc1 AM; 19: OSC2:Pitch Mod; 98: OSC2:Freq Mod; 3: OSC2:Linear Detune; 5: OSC2:Keytrack; 7: OSC2:Level; 9: OSC2:Waveform; 11: OSC2:Sub Oscilator; 13: OSC2:Pulsewidth; 15: OSC2:PWM Speed; 17: OSC2:PWM Depth; 25: OSC2:Osc2 AM; 20: OSCX:Pitch Mod; 99: OSCX:Freq Mod; 26: OSCX:Sync Mode; 27: OSCX:Sync Amount; 28: OSCX:Bend Depth; 29: OSCX:Note Slide Time; 31: OSCX:Vibrato Fade; 32: OSCX:Vibrato Speed; 33: OSCX:Vibrato Depth; 21: NOISE:Noise S&H; 100: NOISE:Noise Color; 22: NOISE:Noise Fade; 23: NOISE:Noise Level; 34: FILT:F1 Frequency; 35: FILT:F1 Resonance; 38: FILT:F1 EnfF Depth; 36: FILT:F1 Overdrive; 39: FILT:F2 Frequency; 40: FILT:F2 Resonance; 43: FILT:F2 EnvF Depth; 44: FILT:F1+F2 Freq.; 53: AMP:EnvA Attack; 56: AMP:EnvA Decay; 59: AMP:EnvA Sustain; 62: AMP:EnvA Release; 65: AMP:EnvA Shape; 45: AMP:Chorus Send; 46: AMP:Delay Send; 47: AMP:Reverb Send; 48: AMP:Pan; 49: AMP:Volume; 50: AMP:Accent Level; 51: ENVF:Attack; 54: ENVF:Decay; 57: ENVF:Sustain; 60: ENVF:Release; 63: ENVF:Shape; 72: ENVF:Depth A; 73: ENVF:Depth B; 76: LFO1:Speed; 78: LFO1:Multiplier; 80: LFO1:Fade In/Out; 82: LFO1:Start Phase; 92: LFO1:Depth A; 93: LFO1:Depth B; 0-127: META:None,0-based,1,76,0,127,Envelopes
elektron_analog_four_mkii_nrpn_79,elektron_analog_four_mkii,AUX Env: Depth A,,,Centered,1,77,0,127,Envelopes
elektron_analog_four_mkii_nrpn_80,elektron_analog_four_mkii,AUX Env: Destination B,,96: META:None; 18: OSC1:Pitch Mod; 97: OSC1:Freq Mod; 2: OSC1:Linear Detune; 4: OSC1:Keytrack; 6: OSC1:Level; 8: OSC1:Waveform; 10: OSC1:Sub Oscilator; 12: OSC1:Pulsewidth; 14: OSC1:PWM Speed; 16: OSC1:PWM Depth; 24: OSC1:Osc1 AM; 19: OSC2:Pitch Mod; 98: OSC2:Freq Mod; 3: OSC2:Linear Detune; 5: OSC2:Keytrack; 7: OSC2:Level; 9: OSC2:Waveform; 11: OSC2:Sub Oscilator; 13: OSC2:Pulsewidth; 15: OSC2:PWM Speed; 17: OSC2:PWM Depth; 25: OSC2:Osc2 AM; 20: OSCX:Pitch Mod; 99: OSCX:Freq Mod; 26: OSCX:Sync Mode; 27: OSCX:Sync Amount; 28: OSCX:Bend Depth; 29: OSCX:Note Slide Time; 31: OSCX:Vibrato Fade; 32: OSCX:Vibrato Speed; 33: OSCX:Vibrato Depth; 21: NOISE:Noise S&H; 100: NOISE:Noise Color; 22: NOISE:Noise Fade; 23: NOISE:Noise Level; 34: FILT:F1 Frequency; 35: FILT:F1 Resonance; 38: FILT:F1 EnfF Depth; 36: FILT:F1 Overdrive; 39: FILT:F2 Frequency; 40: FILT:F2 Resonance; 43: FILT:F2 EnvF Depth; 44: FILT:F1+F2 Freq.; 53: AMP:EnvA Attack; 56: AMP:EnvA Decay; 59: AMP:EnvA Sustain; 62: AMP:EnvA Release; 65: AMP:EnvA Shape; 45: AMP:Chorus Send; 46: AMP:Delay Send; 47: AMP:Reverb Send; 48: AMP:Pan; 49: AMP:Volume; 50: AMP:Accent Level; 51: ENVF:Attack; 54: ENVF:Decay; 57: ENVF:Sustain; 60: ENVF:Release; 63: ENVF:Shape; 72: ENVF:Depth A; 73: ENVF:Depth B; 76: LFO1:Speed; 78: LFO1:Multiplier; 80: LFO1:Fade In/Out; 82: LFO1:Start Phase; 92: LFO1:Depth A; 93: LFO1:Depth B; 0-127: META:None,0-based,1,78,0,127,Envelopes
elektron_analog_four_mkii_nrpn_81,elektron_analog_four_mkii,AUX Env: Depth B,,,Centered,1,79,0,127,Envelopes
elektron_analog_four_mkii_nrpn_82,elektron_analog_four_mkii,CV Env1: Attack,,,0-based,3,60,0,127,Envelopes
elektron_analog_four_mkii_nrpn_83,elektron_analog_four_mkii,CV Env1: Decay,,,0-based,3,61,0,127,Envelopes
elektron_analog_four_mkii_nrpn_84,elektron_analog_four_mkii,CV Env1: Sustain,,,0-based,3,62,0,127,Envelopes
elektron_analog_four_mkii_nrpn_85,elektron_analog_four_mkii,CV Env1: Release,,,0-based,3,63,0,127,Envelopes
elektron_analog_four_mkii_nrpn_86,elektron_analog_four_mkii,CV Env1: Shape,,0: Linear ADR; 1: Linear ADR (R); 2: Standard; 3: Standard (R); 4: E.A / L.DR; 5: E.A / L.DR (R); 6: Exp. ADR; 7: Exp. ADR (R); 8: Full ADR; 9: Full ADR (R); 10: F.A / E.DR; 11: F.A / E.DR (R),0-based,3,64,0,11,Envelopes
elektron_analog_four_mkii_nrpn_87,elektron_analog_four_mkii,CV Env1: Gate Length,,,0-based,3,65,0,127,Envelopes
elektron_analog_four_mkii_nrpn_88,elektron_analog_four_mkii,CV Env1: Destination A,,68: META:None; 0: CVA:Course Tune; 4: CVA:Fine Tune; 8: CVA:Value; 16: CVA:Source Track; 60: CVA:Bend Depth; 64: CVA:Note Slide Time; 1: CVB:Course Tune; 5: CVB:Fine Tune; 9: CVB:Value; 17: CVB:Source Track; 61: CVB:Bend Depth; 65: CVB:Note Slide Time; 2: CVC:Course Tune; 6: CVC:Fine Tune; 10: CVC:Value; 18: CVC:Source Track; 62: CVC:Bend Depth; 66: CVC:Note Slide Time; 3: CVD:Course Tune; 7: CVD:Fine Tune; 11: CVD:Value; 19: CVD:Source Track; 63: CVD:Bend Depth; 67: CVD:Note Slide Time; 12-16: META:None; 20-59: META:None,0-based,3,66,0,68,Envelopes
elektron_analog_four_mkii_nrpn_89,elektron_analog_four_mkii,CV Env1: Depth A,,,Centered,3,67,0,127,Envelopes
elektron_analog_four_mkii_nrpn_90,elektron_analog_four_mkii,CV Env1: Destination B,,68: META:None; 0: CVA:Course Tune; 4: CVA:Fine Tune; 8: CVA:Value; 16: CVA:Source Track; 60: CVA:Bend Depth; 64: CVA:Note Slide Time; 1: CVB:Course Tune; 5: CVB:Fine Tune; 9: CVB:Value; 17: CVB:Source Track; 61: CVB:Bend Depth; 65: CVB:Note Slide Time; 2: CVC:Course Tune; 6: CVC:Fine Tune; 10: CVC:Value; 18: CVC:Source Track; 62: CVC:Bend Depth; 66: CVC:Note Slide Time; 3: CVD:Course Tune; 7: CVD:Fine Tune; 11: CVD:Value; 19: CVD:Source Track; 63: CVD:Bend Depth; 67: CVD:Note Slide Time; 12-16: META:None; 20-59: META:None,0-based,3,68,0,68,Envelopes
elektron_analog_four_mkii_nrpn_91,elektron_analog_four_mkii,CV Env1: Depth B,,,Centered,3,69,0,127,Envelopes
elektron_analog_four_mkii_nrpn_92,elektron_analog_four_mkii,CV Env2: Attack,,,0-based,3,70,0,127,Envelopes
elektron_analog_four_mkii_nrpn_93,elektron_analog_four_mkii,CV Env2: Decay,,,0-based,3,71,0,127,Envelopes
elektron_analog_four_mkii_nrpn_94,elektron_analog_four_mkii,CV Env2: Sustain,,,0-based,3,72,0,127,Envelopes
elektron_analog_four_mkii_nrpn_95,elektron_analog_four_mkii,CV Env2: Release,,,0-based,3,73,0,127,Envelopes
elektron_analog_four_mkii_nrpn_96,elektron_analog_four_mkii,CV Env2: Shape,,0: Linear ADR; 1: Linear ADR (R); 2: Standard; 3: Standard (R); 4: E.A / L.DR; 5: E.A / L.DR (R); 6: Exp. ADR; 7: Exp. ADR (R); 8: Full ADR; 9: Full ADR (R); 10: F.A / E.DR; 11: F.A / E.DR (R),0-based,3,74,0,11,Envelopes
elektron_analog_four_mkii_nrpn_97,elektron_analog_four_mkii,CV Env2: Gate Length,,,0-based,3,75,0,127,Envelopes
elektron_analog_four_mkii_nrpn_98,elektron_analog_four_mkii,CV Env2: Destination A,,68: META-None; 0: CVA-Course Tune; 4: CVA-Fine Tune; 8: CVA-Value; 16: CVA-Source Track; 60: CVA-Bend Depth; 64: CVA-Note Slide Time; 1: CVB-Course Tune; 5: CVB-Fine Tune; 9: CVB-Value; 17: CVB-Source Track; 61: CVB-Bend Depth; 65: CVB-Note Slide Time; 2: CVC-Course Tune; 6: CVC-Fine Tune; 10: CVC-Value; 18: CVC-Source Track; 62: CVC-Bend Depth; 66: CVC-Note Slide Time; 3: CVD-Course Tune; 7: CVD-Fine Tune; 11: CVD-Value; 19: CVD-Source Track; 63: CVD-Bend Depth; 67: CVD-Note Slide Time; 12-16: META-None; 20-59: META-None,0-based,3,76,0,68,Envelopes
elektron_analog_four_mkii_nrpn_99,elektron_analog_four_mkii,CV Env2: Depth A,,,Centered,3,77,0,127,Envelopes
elektron_analog_four_mkii_nrpn_100,elektron_analog_four_mkii,CV Env2: Destination B,,68: META-None; 0: CVA-Course Tune; 4: CVA-Fine Tune; 8: CVA-Value; 16: CVA-Source Track; 60: CVA-Bend Depth; 64: CVA-Note Slide Time; 1: CVB-Course Tune; 5: CVB-Fine Tune; 9: CVB-Value; 17: CVB-Source Track; 61: CVB-Bend Depth; 65: CVB-Note Slide Time; 2: CVC-Course Tune; 6: CVC-Fine Tune; 10: CVC-Value; 18: CVC-Source Track; 62: CVC-Bend Depth; 66: CVC-Note Slide Time; 3: CVD-Course Tune; 7: CVD-Fine Tune; 11: CVD-Value; 19: CVD-Source Track; 63: CVD-Bend Depth; 67: CVD-Note Slide Time; 12-16: META-None; 20-59: META-None,0-based,3,78,0,68,Envelopes
elektron_analog_four_mkii_nrpn_101,elektron_analog_four_mkii,CV Env2: Depth B,,,Centered,3,79,0,127,Envelopes
elektron_analog_four_mkii_nrpn_102,elektron_analog_four_mkii,LFO1: Speed,,,0-based,1,80,0,127,LFOs
elektron_analog_four_mkii_nrpn_103,elektron_analog_four_mkii,LFO1: Multiplier,,0: x1; 1: x2; 2: x4; 3: x8; 4: x16; 5: x32; 6: x64; 7: x128; 8: x256; 9: x512; 10: x1024; 11: x2048; 12: .1; 13: .2; 14: .4; 15: .8; 16: .16; 17: .32; 18: .64; 19: .128; 20: .256; 21: .512; 22: .1024; 23: .2048; 24: f1; 25: f2; 26: f4; 27: f8; 28: f16; 29: f32; 30: f64; 31: f128; 32: f256; 33: f512; 34: f1024; 35: f2048,0-based,1,81,0,35,LFOs
elektron_analog_four_mkii_nrpn_104,elektron_analog_four_mkii,LFO1: Fade In/Out,,,Centered,1,82,0,127,LFOs
elektron_analog_four_mkii_nrpn_105,elektron_analog_four_mkii,LFO1: Start Phase,,,0-based,1,83,0,127,LFOs
elektron_analog_four_mkii_nrpn_106,elektron_analog_four_mkii,LFO1: Mode,,0: Free; 1: Trig; 2: Hold; 3: One; 4: Half,0-based,1,84,0,4,LFOs
elektron_analog_four_mkii_nrpn_107,elektron_analog_four_mkii,LFO1: Waveform,,0: Triangle; 1: Sinus; 2: Square; 3: Sawtooth; 4: Exponential; 5: Linear Ramp; 6: Random Levels,0-based,1,85,0,6,LFOs
elektron_analog_four_mkii_nrpn_108,elektron_analog_four_mkii,LFO1: Destination A,,96: META:None; 18: OSC1:Pitch Mod; 97: OSC1:Freq Mod; 2: OSC1:Linear Detune; 4: OSC1:Keytrack; 6: OSC1:Level; 8: OSC1:Waveform; 10: OSC1:Sub Oscilator; 12: OSC1:Pulsewidth; 14: OSC1:PWM Speed; 16: OSC1:PWM Depth; 24: OSC1:Osc1 AM; 19: OSC2:Pitch Mod; 98: OSC2:Freq Mod; 3: OSC2:Linear Detune; 5: OSC2:Keytrack; 7: OSC2:Level; 9: OSC2:Waveform; 11: OSC2:Sub Oscilator; 13: OSC2:Pulsewidth; 15: OSC2:PWM Speed; 17: OSC2:PWM Depth; 25: OSC2:Osc2 AM; 20: OSCX:Pitch Mod; 99: OSCX:Freq Mod; 26: OSCX:Sync Mode; 27: OSCX:Sync Amount; 28: OSCX:Bend Depth; 29: OSCX:Note Slide Time; 31: OSCX:Vibrato Fade; 32: OSCX:Vibrato Speed; 33: OSCX:Vibrato Depth; 21: NOISE:Noise S&H; 100: NOISE:Noise Color; 22: NOISE:Noise Fade; 23: NOISE:Noise Level; 34: FILT:F1 Frequency; 35: FILT:F1 Resonance; 38: FILT:F1 EnfF Depth; 36: FILT:F1 Overdrive; 39: FILT:F2 Frequency; 40: FILT:F2 Resonance; 43: FILT:F2 EnvF Depth; 44: FILT:F1+F2 Freq.; 53: AMP:EnvA Attack; 56: AMP:EnvA Decay; 59: AMP:EnvA Sustain; 62: AMP:EnvA Release; 65: AMP:EnvA Shape; 45: AMP:Chorus Send; 46: AMP:Delay Send; 47: AMP:Reverb Send; 48: AMP:Pan; 49: AMP:Volume; 50: AMP:Accent Level; 51: ENVF:Attack; 54: ENVF:Decay; 57: ENVF:Sustain; 60: ENVF:Release; 63: ENVF:Shape; 72: ENVF:Depth A; 73: ENVF:Depth B; 76: LFO1:Speed; 78: LFO1:Multiplier; 80: LFO1:Fade In/Out; 82: LFO1:Start Phase; 92: LFO1:Depth A; 93: LFO1:Depth B; 0-127: META:None,0-based,1,86,0,127,LFOs
elektron_analog_four_mkii_nrpn_109,elektron_analog_four_mkii,LFO1: Depth A,,,Centered,1,87,0,127,LFOs
elektron_analog_four_mkii_nrpn_110,elektron_analog_four_mkii,LFO1: Destination B,,96: META:None; 18: OSC1:Pitch Mod; 97: OSC1:Freq Mod; 2: OSC1:Linear Detune; 4: OSC1:Keytrack; 6: OSC1:Level; 8: OSC1:Waveform; 10: OSC1:Sub Oscilator; 12: OSC1:Pulsewidth; 14: OSC1:PWM Speed; 16: OSC1:PWM Depth; 24: OSC1:Osc1 AM; 19: OSC2:Pitch Mod; 98: OSC2:Freq Mod; 3: OSC2:Linear Detune; 5: OSC2:Keytrack; 7: OSC2:Level; 9: OSC2:Waveform; 11: OSC2:Sub Oscilator; 13: OSC2:Pulsewidth; 15: OSC2:PWM Speed; 17: OSC2:PWM Depth; 25: OSC2:Osc2 AM; 20: OSCX:Pitch Mod; 99: OSCX:Freq Mod; 26: OSCX:Sync Mode; 27: OSCX:Sync Amount; 28: OSCX:Bend Depth; 29: OSCX:Note Slide Time; 31: OSCX:Vibrato Fade; 32: OSCX:Vibrato Speed; 33: OSCX:Vibrato Depth; 21: NOISE:Noise S&H; 100: NOISE:Noise Color; 22: NOISE:Noise Fade; 23: NOISE:Noise Level; 34: FILT:F1 Frequency; 35: FILT:F1 Resonance; 38: FILT:F1 EnfF Depth; 36: FILT:F1 Overdrive; 39: FILT:F2 Frequency; 40: FILT:F2 Resonance; 43: FILT:F2 EnvF Depth; 44: FILT:F1+F2 Freq.; 53: AMP:EnvA Attack; 56: AMP:EnvA Decay; 59: AMP:EnvA Sustain; 62: AMP:EnvA Release; 65: AMP:EnvA Shape; 45: AMP:Chorus Send; 46: AMP:Delay Send; 47: AMP:Reverb Send; 48: AMP:Pan; 49: AMP:Volume; 50: AMP:Accent Level; 51: ENVF:Attack; 54: ENVF:Decay; 57: ENVF:Sustain; 60: ENVF:Release; 63: ENVF:Shape; 72: ENVF:Depth A; 73: ENVF:Depth B; 76: LFO1:Speed; 78: LFO1:Multiplier; 80: LFO1:Fade In/Out; 82: LFO1:Start Phase; 92: LFO1:Depth A; 93: LFO1:Depth B; 0-127: META:None,0-based,1,88,0,127,LFOs
elektron_analog_four_mkii_nrpn_111,elektron_analog_four_mkii,LFO1: Depth B,,,Centered,1,89,0,127,LFOs
elektron_analog_four_mkii_nrpn_112,elektron_analog_four_mkii,LFO2: Speed,,,0-based,1,90,0,127,LFOs
elektron_analog_four_mkii_nrpn_113,elektron_analog_four_mkii,LFO2: Multiplier,,0: x1; 1: x2; 2: x4; 3: x8; 4: x16; 5: x32; 6: x64; 7: x128; 8: x256; 9: x512; 10: x1024; 11: x2048; 12: .1; 13: .2; 14: .4; 15: .8; 16: .16; 17: .32; 18: .64; 19: .128; 20: .256; 21: .512; 22: .1024; 23: .2048; 24: f1; 25: f2; 26: f4; 27: f8; 28: f16; 29: f32; 30: f64; 31: f128; 32: f256; 33: f512; 34: f1024; 35: f2048,0-based,1,91,0,35,LFOs
elektron_analog_four_mkii_nrpn_114,elektron_analog_four_mkii,LFO2: Fade In/Out,,,Centered,1,92,0,127,LFOs
elektron_analog_four_mkii_nrpn_115,elektron_analog_four_mkii,LFO2: Start Phase,,,0-based,1,93,0,127,LFOs
elektron_analog_four_mkii_nrpn_116,elektron_analog_four_mkii,LFO2: Mode,,0: Free; 1: Trig; 2: Hold; 3: One; 4: Half,0-based,1,94,0,4,LFOs
elektron_analog_four_mkii_nrpn_117,elektron_analog_four_mkii,LFO2: Waveform,,0: Triangle; 1: Sinus; 2: Square; 3: Sawtooth; 4: Exponential; 5: Linear Ramp; 6: Random Levels,0-based,1,95,0,6,LFOs
elektron_analog_four_mkii_nrpn_118,elektron_analog_four_mkii,LFO2: Destination A,,96: META-None; 18: OSC1-Pitch Mod; 97: OSC1-Freq Mod; 2: OSC1-Linear Detune; 4: OSC1-Keytrack; 6: OSC1-Level; 8: OSC1-Waveform; 10: OSC1-Sub Oscilator; 12: OSC1-Pulsewidth; 14: OSC1-PWM Speed; 16: OSC1-PWM Depth; 24: OSC1-Osc1 AM; 19: OSC2-Pitch Mod; 98: OSC2-Freq Mod; 3: OSC2-Linear Detune; 5: OSC2-Keytrack; 7: OSC2-Level; 9: OSC2-Waveform; 11: OSC2-Sub Oscilator; 13: OSC2-Pulsewidth; 15: OSC2-PWM Speed; 17: OSC2-PWM Depth; 25: OSC2-Osc2 AM; 20: OSCX-Pitch Mod; 99: OSCX-Freq Mod; 26: OSCX-Sync Mode; 27: OSCX-Sync Amount; 28: OSCX-Bend Depth; 29: OSCX-Note Slide Time; 31: OSCX-Vibrato Fade; 32: OSCX-Vibrato Speed; 33: OSCX-Vibrato Depth; 21: NOISE-Noise S&H; 100: NOISE-Noise Color; 22: NOISE-Noise Fade; 23: NOISE-Noise Level; 34: FILT-F1 Frequency; 35: FILT:F1 Resonance; 38: FILT:F1 EnfF Depth; 36: FILT:F1 Overdrive; 39: FILT:F2 Frequency; 40: FILT:F2 Resonance; 43: FILT:F2 EnvF Depth; 44: FILT:F1+F2 Freq.; 53: AMP-EnvA Attack; 56: AMP-EnvA Decay; 59: AMP-EnvA Sustain; 62: AMP-EnvA Release; 65: AMP-EnvA Shape; 45: AMP-Chorus Send; 46: AMP-Delay Send; 47: AMP-Reverb Send; 48: AMP-Pan; 49: AMP-Volume; 50: AMP-Accent Level; 51: ENVF-Attack; 54: ENVF-Decay; 57: ENVF-Sustain; 60: ENVF-Release; 63: ENVF-Shape; 72: ENVF-Depth A; 73: ENVF-Depth B; 76: LFO1-Speed; 78: LFO1-Multiplier; 80: LFO1-Fade In/Out; 82: LFO1-Start Phase; 92: LFO1-Depth A; 93: LFO1-Depth B; 0-127: META-None,0-based,1,96,0,127,LFOs
elektron_analog_four_mkii_nrpn_119,elektron_analog_four_mkii,LFO2: Depth A,,,Centered,1,97,0,127,LFOs
elektron_analog_four_mkii_nrpn_120,elektron_analog_four_mkii,LFO2: Destination B,,96: META-None; 18: OSC1-Pitch Mod; 97: OSC1-Freq Mod; 2: OSC1-Linear Detune; 4: OSC1-Keytrack; 6: OSC1-Level; 8: OSC1-Waveform; 10: OSC1-Sub Oscilator; 12: OSC1-Pulsewidth; 14: OSC1-PWM Speed; 16: OSC1-PWM Depth; 24: OSC1-Osc1 AM; 19: OSC2-Pitch Mod; 98: OSC2-Freq Mod; 3: OSC2-Linear Detune; 5: OSC2-Keytrack; 7: OSC2-Level; 9: OSC2-Waveform; 11: OSC2-Sub Oscilator; 13: OSC2-Pulsewidth; 15: OSC2-PWM Speed; 17: OSC2-PWM Depth; 25: OSC2-Osc2 AM; 20: OSCX-Pitch Mod; 99: OSCX-Freq Mod; 26: OSCX-Sync Mode; 27: OSCX-Sync Amount; 28: OSCX-Bend Depth; 29: OSCX-Note Slide Time; 31: OSCX-Vibrato Fade; 32: OSCX-Vibrato Speed; 33: OSCX-Vibrato Depth; 21: NOISE-Noise S&H; 100: NOISE-Noise Color; 22: NOISE-Noise Fade; 23: NOISE-Noise Level; 34: FILT-F1 Frequency; 35: FILT:F1 Resonance; 38: FILT:F1 EnfF Depth; 36: FILT:F1 Overdrive; 39: FILT:F2 Frequency; 40: FILT:F2 Resonance; 43: FILT:F2 EnvF Depth; 44: FILT:F1+F2 Freq.; 53: AMP-EnvA Attack; 56: AMP-EnvA Decay; 59: AMP-EnvA Sustain; 62: AMP-EnvA Release; 65: AMP-EnvA Shape; 45: AMP-Chorus Send; 46: AMP-Delay Send; 47: AMP-Reverb Send; 48: AMP-Pan; 49: AMP-Volume; 50: AMP-Accent Level; 51: ENVF-Attack; 54: ENVF-Decay; 57: ENVF-Sustain; 60: ENVF-Release; 63: ENVF-Shape; 72: ENVF-Depth A; 73: ENVF-Depth B; 76: LFO1-Speed; 78: LFO1-Multiplier; 80: LFO1-Fade In/Out; 82: LFO1-Start Phase; 92: LFO1-Depth A; 93: LFO1-Depth B; 0-127: META-None,0-based,1,98,0,127,LFOs
elektron_analog_four_mkii_nrpn_121,elektron_analog_four_mkii,LFO2: Depth B,,,Centered,1,99,0,127,LFOs
elektron_analog_four_mkii_nrpn_122,elektron_analog_four_mkii,CV LFO1: Speed,,,0-based,3,80,0,127,LFOs
elektron_analog_four_mkii_nrpn_123,elektron_analog_four_mkii,CV LFO1: Multiplier,,,0-based,3,81,0,127,LFOs
elektron_analog_four_mkii_nrpn_124,elektron_analog_four_mkii,CV LFO1: Fade In/Out,,,Centered,3,82,0,127,LFOs
elektron_analog_four_mkii_nrpn_125,elektron_analog_four_mkii,CV LFO1: Start Phase,,,0-based,3,83,0,127,LFOs
elektron_analog_four_mkii_nrpn_126,elektron_analog_four_mkii,CV LFO1: Mode,,0: Free; 1: Trig; 2: Hold; 3: One; 4: Half,0-based,3,84,0,4,LFOs
elektron_analog_four_mkii_nrpn_127,elektron_analog_four_mkii,CV LFO1: Waveform,,0: Triangle; 1: Sinus; 2: Square; 3: Sawtooth; 4: Exponential; 5: Linear Ramp; 6: Random Levels,0-based,3,85,0,6,LFOs
elektron_analog_four_mkii_nrpn_128,elektron_analog_four_mkii,CV LFO1: Destination A,,68: META-None; 0: CVA-Course Tune; 4: CVA-Fine Tune; 8: CVA-Value; 16: CVA-Source Track; 60: CVA-Bend Depth; 64: CVA-Note Slide Time; 1: CVB-Course Tune; 5: CVB-Fine Tune; 9: CVB-Value; 17: CVB-Source Track; 61: CVB-Bend Depth; 65: CVB-Note Slide Time; 2: CVC-Course Tune; 6: CVC-Fine Tune; 10: CVC-Value; 18: CVC-Source Track; 62: CVC-Bend Depth; 66: CVC-Note Slide Time; 3: CVD-Course Tune; 7: CVD-Fine Tune; 11: CVD-Value; 19: CVD-Source Track; 63: CVD-Bend Depth; 67: CVD-Note Slide Time; 20: ENV1-Attack; 22: ENV1-Decay; 24: ENV1-Sustain; 26: ENV1-Release; 30: ENV1-Gate Length; 36: ENV1-Depth A; 37: ENV1-Depth B; 0-68: META-None,0-based,3,86,0,68,LFOs
elektron_analog_four_mkii_nrpn_129,elektron_analog_four_mkii,CV LFO1: Depth A,,,Centered,3,87,0,127,LFOs
elektron_analog_four_mkii_nrpn_130,elektron_analog_four_mkii,CV LFO1: Destination B,,68: META-None; 0: CVA-Course Tune; 4: CVA-Fine Tune; 8: CVA-Value; 16: CVA-Source Track; 60: CVA-Bend Depth; 64: CVA-Note Slide Time; 1: CVB-Course Tune; 5: CVB-Fine Tune; 9: CVB-Value; 17: CVB-Source Track; 61: CVB-Bend Depth; 65: CVB-Note Slide Time; 2: CVC-Course Tune; 6: CVC-Fine Tune; 10: CVC-Value; 18: CVC-Source Track; 62: CVC-Bend Depth; 66: CVC-Note Slide Time; 3: CVD-Course Tune; 7: CVD-Fine Tune; 11: CVD-Value; 19: CVD-Source Track; 63: CVD-Bend Depth; 67: CVD-Note Slide Time; 20: ENV1-Attack; 22: ENV1-Decay; 24: ENV1-Sustain; 26: ENV1-Release; 30: ENV1-Gate Length; 36: ENV1-Depth A; 37: ENV1-Depth B; 0-68: META-None,0-based,3,88,0,68,LFOs
elektron_analog_four_mkii_nrpn_131,elektron_analog_four_mkii,CV LFO1: Depth B,,,Centered,3,89,0,127,LFOs
elektron_analog_four_mkii_nrpn_132,elektron_analog_four_mkii,CV LFO2: Speed,,,0-based,3,90,0,127,LFOs
elektron_analog_four_mkii_nrpn_133,elektron_analog_four_mkii,CV LFO2: Multiplier,,,0-based,3,91,0,127,LFOs
elektron_analog_four_mkii_nrpn_134,elektron_analog_four_mkii,CV LFO2: Fade In/Out,,,0-based,3,92,0,127,LFOs
elektron_analog_four_mkii_nrpn_135,elektron_analog_four_mkii,CV LFO2: Start Phase,,,0-based,3,93,0,127,LFOs
elektron_analog_four_mkii_nrpn_136,elektron_analog_four_mkii,CV LFO2: Mode,,0: Free; 1: Trig; 2: Hold; 3: One; 4: Half,0-based,3,94,0,4,LFOs
elektron_analog_four_mkii_nrpn_137,elektron_analog_four_mkii,CV LFO2: Waveform,,0: Triangle; 1: Sinus; 2: Square; 3: Sawtooth; 4: Exponential; 5: Linear Ramp; 6: Random Levels,0-based,3,95,0,6,LFOs
elektron_analog_four_mkii_nrpn_138,elektron_analog_four_mkii,CV LFO2: Destination A,,68: META-None; 0: CVA-Course Tune; 4: CVA-Fine Tune; 8: CVA-Value; 16: CVA-Source Track; 60: CVA-Bend Depth; 64: CVA-Note Slide Time; 1: CVB-Course Tune; 5: CVB-Fine Tune; 9: CVB-Value; 17: CVB-Source Track; 61: CVB-Bend Depth; 65: CVB-Note Slide Time; 2: CVC-Course Tune; 6: CVC-Fine Tune; 10: CVC-Value; 18: CVC-Source Track; 62: CVC-Bend Depth; 66: CVC-Note Slide Time; 3: CVD-Course Tune; 7: CVD-Fine Tune; 11: CVD-Value; 19: CVD-Source Track; 63: CVD-Bend Depth; 67: CVD-Note Slide Time; 20: ENV1-Attack; 22: ENV1-Decay; 24: ENV1-Sustain; 26: ENV1-Release; 30: ENV1-Gate Length; 36: ENV1-Depth A; 37: ENV1-Depth B; 0-68: META-None,0-based,3,96,0,68,LFOs
elektron_analog_four_mkii_nrpn_139,elektron_analog_four_mkii,CV LFO2: Depth A,,,Centered,3,97,0,127,LFOs
elektron_analog_four_mkii_nrpn_140,elektron_analog_four_mkii,CV LFO2: Destination B,,68: META-None; 0: CVA-Course Tune; 4: CVA-Fine Tune; 8: CVA-Value; 16: CVA-Source Track; 60: CVA-Bend Depth; 64: CVA-Note Slide Time; 1: CVB-Course Tune; 5: CVB-Fine Tune; 9: CVB-Value; 17: CVB-Source Track; 61: CVB-Bend Depth; 65: CVB-Note Slide Time; 2: CVC-Course Tune; 6: CVC-Fine Tune; 10: CVC-Value; 18: CVC-Source Track; 62: CVC-Bend Depth; 66: CVC-Note Slide Time; 3: CVD-Course Tune; 7: CVD-Fine Tune; 11: CVD-Value; 19: CVD-Source Track; 63: CVD-Bend Depth; 67: CVD-Note Slide Time; 20: ENV1-Attack; 22: ENV1-Decay; 24: ENV1-Sustain; 26: ENV1-Release; 30: ENV1-Gate Length; 36: ENV1-Depth A; 37: ENV1-Depth B; 0-68: META-None,0-based,3,98,0,68,LFOs
elektron_analog_four_mkii_nrpn_141,elektron_analog_four_mkii,CV LFO2: Depth B,,,Centered,3,99,0,127,LFOs
elektron_analog_four_mkii_nrpn_142,elektron_analog_four_mkii,Ext In: Left Chorus,,,0-based,2,0,0,127,FX: Extern In
elektron_analog_four_mkii_nrpn_143,elektron_analog_four_mkii,Ext In: Left Delay,,,0-based,2,1,0,127,FX: Extern In
elektron_analog_four_mkii_nrpn_144,elektron_analog_four_mkii,Ext In: Left Reverb,,,0-based,2,2,0,127,FX: Extern In
elektron_analog_four_mkii_nrpn_145,elektron_analog_four_mkii,Ext In: Left Pan,,,0-based,2,3,0,127,FX: Extern In
elektron_analog_four_mkii_nrpn_146,elektron_analog_four_mkii,Ext In: Left Level,,,Centered,2,4,0,127,FX: Extern In
elektron_analog_four_mkii_nrpn_147,elektron_analog_four_mkii,Ext In: Right Chorus,,,0-based,2,5,0,127,FX: Extern In
elektron_analog_four_mkii_nrpn_148,elektron_analog_four_mkii,Ext In: Right Delay,,,0-based,2,6,0,127,FX: Extern In
elektron_analog_four_mkii_nrpn_149,elektron_analog_four_mkii,Ext In: Right Reverb,,,0-based,2,7,0,127,FX: Extern In
elektron_analog_four_mkii_nrpn_150,elektron_analog_four_mkii,Ext In: Right Pan,,,Centered,2,8,0,127,FX: Extern In
elektron_analog_four_mkii_nrpn_151,elektron_analog_four_mkii,Ext In: Right Level,,,0-based,2,9,0,127,FX: Extern In
elektron_analog_four_mkii_nrpn_152,elektron_analog_four_mkii,Chorus: Pre-Delay,,,0-based,2,40,0,127,FX: Chorus
elektron_analog_four_mkii_nrpn_153,elektron_analog_four_mkii,Chorus: Speed,,,0-based,2,41,0,127,FX: Chorus
elektron_analog_four_mkii_nrpn_154,elektron_analog_four_mkii,Chorus: Depth,,,0-based,2,42,0,127,FX: Chorus
elektron_analog_four_mkii_nrpn_155,elektron_analog_four_mkii,Chorus: Width,,,0-based,2,43,0,127,FX: Chorus
elektron_analog_four_mkii_nrpn_156,elektron_analog_four_mkii,Chorus: Feedback,,,0-based,2,44,0,127,FX: Chorus
elektron_analog_four_mkii_nrpn_157,elektron_analog_four_mkii,Chorus: HP Filter,,,0-based,2,45,0,127,FX: Chorus
elektron_analog_four_mkii_nrpn_158,elektron_analog_four_mkii,Chorus: LP Filter,,,0-based,2,46,0,127,FX: Chorus
elektron_analog_four_mkii_nrpn_159,elektron_analog_four_mkii,Chorus: Delay Send,,,0-based,2,47,0,127,FX: Chorus
elektron_analog_four_mkii_nrpn_160,elektron_analog_four_mkii,Chorus: Reverb Send,,,0-based,2,48,0,127,FX: Chorus
elektron_analog_four_mkii_nrpn_161,elektron_analog_four_mkii,Chorus: Mix Volume,,,0-based,2,49,0,127,FX: Chorus
elektron_analog_four_mkii_nrpn_162,elektron_analog_four_mkii,Delay: Time,,,0-based,2,50,0,127,FX: Delay
elektron_analog_four_mkii_nrpn_163,elektron_analog_four_mkii,Delay: PingPong,,,0-based,2,51,0,127,FX: Delay
elektron_analog_four_mkii_nrpn_164,elektron_analog_four_mkii,Delay: Stereo Width,,,0-based,2,53,0,127,FX: Delay
elektron_analog_four_mkii_nrpn_165,elektron_analog_four_mkii,Delay: Feedback,,,0-based,2,54,0,127,FX: Delay
elektron_analog_four_mkii_nrpn_166,elektron_analog_four_mkii,Delay: HP Filter,,,0-based,2,55,0,127,FX: Delay
elektron_analog_four_mkii_nrpn_167,elektron_analog_four_mkii,Delay: LP Filter,,,0-based,2,56,0,127,FX: Delay
elektron_analog_four_mkii_nrpn_168,elektron_analog_four_mkii,Delay: Overdrive,,,0-based,2,57,0,127,FX: Delay
elektron_analog_four_mkii_nrpn_169,elektron_analog_four_mkii,Delay: Reverb Send,,,0-based,2,58,0,127,FX: Delay
elektron_analog_four_mkii_nrpn_170,elektron_analog_four_mkii,Delay: Mix Volume,,,0-based,2,59,0,127,FX: Delay
elektron_analog_four_mkii_nrpn_171,elektron_analog_four_mkii,Reverb: Pre-Delay,,,0-based,2,60,0,127,FX: Reverb
elektron_analog_four_mkii_nrpn_172,elektron_analog_four_mkii,Reverb: Decay Time,,,0-based,2,61,0,127,FX: Reverb
elektron_analog_four_mkii_nrpn_173,elektron_analog_four_mkii,Reverb: Shelving Freq,,,0-based,2,62,0,127,FX: Reverb
elektron_analog_four_mkii_nrpn_174,elektron_analog_four_mkii,Reverb: Shelving Gain,,,0-based,2,63,0,127,FX: Reverb
elektron_analog_four_mkii_nrpn_175,elektron_analog_four_mkii,Reverb: HP Filter,,,0-based,2,65,0,127,FX: Reverb
elektron_analog_four_mkii_nrpn_176,elektron_analog_four_mkii,Reverb: LP Filter,,,0-based,2,66,0,127,FX: Reverb
elektron_analog_four_mkii_nrpn_177,elektron_analog_four_mkii,Reverb: Mix Volume,,,0-based,2,69,0,127,FX: Reverb
elektron_analog_four_mkii_nrpn_178,elektron_analog_four_mkii,FX LFO1: Speed,,,Centered,2,80,0,127,FX: LFOs
elektron_analog_four_mkii_nrpn_179,elektron_analog_four_mkii,FX LFO1: Multiplier,,0: x1; 1: x2; 2: x4; 3: x8; 4: x16; 5: x32; 6: x64; 7: x128; 8: x256; 9: x512; 10: x1024; 11: x2048; 12: .1; 13: .2; 14: .4; 15: .8; 16: .16; 17: .32; 18: .64; 19: .128; 20: .256; 21: .512; 22: .1024; 23: .2048,0-based,2,81,0,23,FX: LFOs
elektron_analog_four_mkii_nrpn_180,elektron_analog_four_mkii,FX LFO1: Fade In/Out,,,Centered,2,82,0,127,FX: LFOs
elektron_analog_four_mkii_nrpn_181,elektron_analog_four_mkii,FX LFO1: Start Phase,,,0-based,2,83,0,127,FX: LFOs
elektron_analog_four_mkii_nrpn_182,elektron_analog_four_mkii,FX LFO1: Mode,,0: Free; 1: Trig; 2: Hold; 3: One; 4: Half,0-based,2,84,0,4,FX: LFOs
elektron_analog_four_mkii_nrpn_183,elektron_analog_four_mkii,FX LFO1: Waveform,,0: Triangle; 1: Sinus; 2: Square; 3: Sawtooth; 4: Exponential; 5: Linear Ramp; 6: Random Levels,0-based,2,85,0,6,FX: LFOs
elektron_analog_four_mkii_nrpn_184,elektron_analog_four_mkii,FX LFO1: Destination A,,73: META-None; 4: EXT-Ext.L Chorus; 5: EXT-Ext.L Delay; 6: EXT-Ext.L Reverb; 2: EXT-Ext.L Pan; 0: EXT-Ext.L Volume; 7: EXT-Ext.R Chorus; 8: EXT-Ext.R Delay; 9: EXT-Ext.R Reverb; 3: EXT-Ext.R Pan; 1: EXT-Ext.R Volume; 26: CHOR-Predelay; 27: CHOR-Speed; 28: CHOR-Depth; 29: CHOR-Width; 30: CHOR-Feedback; 31: CHOR-HP Filter; 32: CHOR-LP Filter; 33: CHOR-Delay Send; 34: CHOR-Reverb Send; 35: CHOR-Mix Volume; 36: DEL-Delay Time; 37: DEL-Pingpong; 39: DEL-Stereo Width; 40: DEL-Feedback; 41: DEL-HP Filter; 42: DEL-LP Filter; 43: DEL-Overdrive; 44: DEL-Reverb Send; 45: DEL-Mix Volume; 46: REV-Pre-Delay; 47: REV-Decay Time; 48: REV-Shelving Freq; 49: REV-Shelving Gain; 50: REV-HP Filter; 51: REV-LP Filter; 52: REV-Mix Volume; 10-25: META-None; 38: META-None; 53-72: META-None; 0-73: META-None,0-based,2,86,0,73,FX: LFOs
elektron_analog_four_mkii_nrpn_185,elektron_analog_four_mkii,FX LFO1: Depth A,,,Centered,2,87,0,127,FX: LFOs
elektron_analog_four_mkii_nrpn_186,elektron_analog_four_mkii,FX LFO1: Destination B,,73: META-None; 4: EXT-Ext.L Chorus; 5: EXT-Ext.L Delay; 6: EXT-Ext.L Reverb; 2: EXT-Ext.L Pan; 0: EXT-Ext.L Volume; 7: EXT-Ext.R Chorus; 8: EXT-Ext.R Delay; 9: EXT-Ext.R Reverb; 3: EXT-Ext.R Pan; 1: EXT-Ext.R Volume; 26: CHOR-Predelay; 27: CHOR-Speed; 28: CHOR-Depth; 29: CHOR-Width; 30: CHOR-Feedback; 31: CHOR-HP Filter; 32: CHOR-LP Filter; 33: CHOR-Delay Send; 34: CHOR-Reverb Send; 35: CHOR-Mix Volume; 36: DEL-Delay Time; 37: DEL-Pingpong; 39: DEL-Stereo Width; 40: DEL-Feedback; 41: DEL-HP Filter; 42: DEL-LP Filter; 43: DEL-Overdrive; 44: DEL-Reverb Send; 45: DEL-Mix Volume; 46: REV-Pre-Delay; 47: REV-Decay Time; 48: REV-Shelving Freq; 49: REV-Shelving Gain; 50: REV-HP Filter; 51: REV-LP Filter; 52: REV-Mix Volume; 10-25: META-None; 38: META-None; 53-72: META-None; 0-73: META-None,0-based,2,88,0,73,FX: LFOs
elektron_analog_four_mkii_nrpn_187,elektron_analog_four_mkii,FX LFO1: Depth B,,,Centered,2,89,0,127,FX: LFOs
elektron_analog_four_mkii_nrpn_188,elektron_analog_four_mkii,FX LFO2: Speed,,,Centered,2,90,0,127,FX: LFOs
elektron_analog_four_mkii_nrpn_189,elektron_analog_four_mkii,FX LFO2: Multiplier,,0: x1; 1: x2; 2: x4; 3: x8; 4: x16; 5: x32; 6: x64; 7: x128; 8: x256; 9: x512; 10: x1024; 11: x2048; 12: .1; 13: .2; 14: .4; 15: .8; 16: .16; 17: .32; 18: .64; 19: .128; 20: .256; 21: .512; 22: .1024; 23: .2048,0-based,2,91,0,23,FX: LFOs
elektron_analog_four_mkii_nrpn_190,elektron_analog_four_mkii,FX LFO2: Fade In/Out,,,Centered,2,92,0,127,FX: LFOs
elektron_analog_four_mkii_nrpn_191,elektron_analog_four_mkii,FX LFO2: Start Phase,,,0-based,2,93,0,127,FX: LFOs
elektron_analog_four_mkii_nrpn_192,elektron_analog_four_mkii,FX LFO2: Mode,,0: Free; 1: Trig; 2: Hold; 3: One; 4: Half,0-based,2,94,0,4,FX: LFOs
elektron_analog_four_mkii_nrpn_193,elektron_analog_four_mkii,FX LFO2: Waveform,,0: Triangle; 1: Sinus; 2: Square; 3: Sawtooth; 4: Exponential; 5: Linear Ramp; 6: Random Levels,0-based,2,95,0,6,FX: LFOs
elektron_analog_four_mkii_nrpn_194,elektron_analog_four_mkii,FX LFO2: Destination A,,73: META-None; 4: EXT-Ext.L Chorus; 5: EXT-Ext.L Delay; 6: EXT-Ext.L Reverb; 2: EXT-Ext.L Pan; 0: EXT-Ext.L Volume; 7: EXT-Ext.R Chorus; 8: EXT-Ext.R Delay; 9: EXT-Ext.R Reverb; 3: EXT-Ext.R Pan; 1: EXT-Ext.R Volume; 26: CHOR-Predelay; 27: CHOR-Speed; 28: CHOR-Depth; 29: CHOR-Width; 30: CHOR-Feedback; 31: CHOR-HP Filter; 32: CHOR-LP Filter; 33: CHOR-Delay Send; 34: CHOR-Reverb Send; 35: CHOR-Mix Volume; 36: DEL-Delay Time; 37: DEL-Pingpong; 39: DEL-Stereo Width; 40: DEL-Feedback; 41: DEL-HP Filter; 42: DEL-LP Filter; 43: DEL-Overdrive; 44: DEL-Reverb Send; 45: DEL-Mix Volume; 46: REV-Pre-Delay; 47: REV-Decay Time; 48: REV-Shelving Freq; 49: REV-Shelving Gain; 50: REV-HP Filter; 51: REV-LP Filter; 52: REV-Mix Volume; 10-25: META-None; 38: META-None; 53-72: META-None; 0-73: META-None,0-based,2,96,0,73,FX: LFOs
elektron_analog_four_mkii_nrpn_195,elektron_analog_four_mkii,FX LFO2: Depth A,,,Centered,2,97,0,127,FX: LFOs
elektron_analog_four_mkii_nrpn_196,elektron_analog_four_mkii,FX LFO2: Destination B,,73: META-None; 4: EXT-Ext.L Chorus; 5: EXT-Ext.L Delay; 6: EXT-Ext.L Reverb; 2: EXT-Ext.L Pan; 0: EXT-Ext.L Volume; 7: EXT-Ext.R Chorus; 8: EXT-Ext.R Delay; 9: EXT-Ext.R Reverb; 3: EXT-Ext.R Pan; 1: EXT-Ext.R Volume; 26: CHOR-Predelay; 27: CHOR-Speed; 28: CHOR-Depth; 29: CHOR-Width; 30: CHOR-Feedback; 31: CHOR-HP Filter; 32: CHOR-LP Filter; 33: CHOR-Delay Send; 34: CHOR-Reverb Send; 35: CHOR-Mix Volume; 36: DEL-Delay Time; 37: DEL-Pingpong; 39: DEL-Stereo Width; 40: DEL-Feedback; 41: DEL-HP Filter; 42: DEL-LP Filter; 43: DEL-Overdrive; 44: DEL-Reverb Send; 45: DEL-Mix Volume; 46: REV-Pre-Delay; 47: REV-Decay Time; 48: REV-Shelving Freq; 49: REV-Shelving Gain; 50: REV-HP Filter; 51: REV-LP Filter; 52: REV-Mix Volume; 10-25: META-None; 38: META-None; 53-72: META-None; 0-73: META-None,0-based,2,98,0,73,FX: LFOs
elektron_analog_four_mkii_nrpn_197,elektron_analog_four_mkii,FX LFO2: Depth B,,,Centered,2,99,0,127,FX: LFOs
elektron_analog_four_mkii_nrpn_198,elektron_analog_four_mkii,CV A: Coarse Tune,,,Centered,3,0,0,127,CVs
elektron_analog_four_mkii_nrpn_199,elektron_analog_four_mkii,CV A: Fine Tune,,,Centered,3,1,0,127,CVs
elektron_analog_four_mkii_nrpn_200,elektron_analog_four_mkii,CV A: Value,,,0-based,3,2,0,127,CVs
elektron_analog_four_mkii_nrpn_201,elektron_analog_four_mkii,CV A: Clock,,,0-based,3,3,0,127,CVs
elektron_analog_four_mkii_nrpn_202,elektron_analog_four_mkii,CV A: Source,,0: Track 1; 1: Track 2; 2: Track 3; 3: Track 4; 4: FX; 5: CV,0-based,3,4,0,5,CVs
elektron_analog_four_mkii_nrpn_203,elektron_analog_four_mkii,CV A: Bend Depth,,,Centered,3,5,0,127,CVs
elektron_analog_four_mkii_nrpn_204,elektron_analog_four_mkii,CV A: Note Slide Time,,,0-based,3,6,0,127,CVs
elektron_analog_four_mkii_nrpn_205,elektron_analog_four_mkii,CV B: Coarse Tune,,,Centered,3,20,0,127,CVs
elektron_analog_four_mkii_nrpn_206,elektron_analog_four_mkii,CV B: Fine Tune,,,Centered,3,21,0,127,CVs
elektron_analog_four_mkii_nrpn_207,elektron_analog_four_mkii,CV B: Value,,,0-based,3,22,0,127,CVs
elektron_analog_four_mkii_nrpn_208,elektron_analog_four_mkii,CV B: Clock,,,0-based,3,23,0,127,CVs
elektron_analog_four_mkii_nrpn_209,elektron_analog_four_mkii,CV B: Source,,0: Track 1; 1: Track 2; 2: Track 3; 3: Track 4; 4: FX; 5: CV,0-based,3,24,0,5,CVs
elektron_analog_four_mkii_nrpn_210,elektron_analog_four_mkii,CV B: Bend Depth,,,Centered,3,25,0,127,CVs
elektron_analog_four_mkii_nrpn_211,elektron_analog_four_mkii,CV B: Note Slide Time,,,0-based,3,26,0,127,CVs
elektron_analog_four_mkii_nrpn_212,elektron_analog_four_mkii,CV C: Coarse Tune,,,Centered,3,40,0,127,CVs
elektron_analog_four_mkii_nrpn_213,elektron_analog_four_mkii,CV C: Fine Tune,,,Centered,3,41,0,127,CVs
elektron_analog_four_mkii_nrpn_214,elektron_analog_four_mkii,CV C: Value,,,0-based,3,42,0,127,CVs
elektron_analog_four_mkii_nrpn_215,elektron_analog_four_mkii,CV C: Clock,,,0-based,3,43,0,127,CVs
elektron_analog_four_mkii_nrpn_216,elektron_analog_four_mkii,CV C: Source,,0: Track 1; 1: Track 2; 2: Track 3; 3: Track 4; 4: FX; 5: CV,0-based,3,44,0,5,CVs
elektron_analog_four_mkii_nrpn_217,elektron_analog_four_mkii,CV C: Bend Depth,,,Centered,3,45,0,127,CVs
elektron_analog_four_mkii_nrpn_218,elektron_analog_four_mkii,CV C: Note Slide Time,,,0-based,3,46,0,127,CVs
elektron_analog_four_mkii_nrpn_219,elektron_analog_four_mkii,CV D: Coarse Tune,,,Centered,3,50,0,127,CVs
elektron_analog_four_mkii_nrpn_220,elektron_analog_four_mkii,CV D: Fine Tune,,,Centered,3,51,0,127,CVs
elektron_analog_four_mkii_nrpn_221,elektron_analog_four_mkii,CV D: Value,,,0-based,3,52,0,127,CVs
elektron_analog_four_mkii_nrpn_222,elektron_analog_four_mkii,CV D: Clock,,,0-based,3,53,0,127,CVs
elektron_analog_four_mkii_nrpn_223,elektron_analog_four_mkii,CV D: Source,,0: Track 1; 1: Track 2; 2: Track 3; 3: Track 4; 4: FX; 5: CV,0-based,3,54,0,5,CVs
elektron_analog_four_mkii_nrpn_224,elektron_analog_four_mkii,CV D: Bend Depth,,,Centered,3,55,0,127,CVs
elektron_analog_four_mkii_nrpn_225,elektron_analog_four_mkii,CV D: Note Slide Time,,,0-based,3,56,0,127,CVs
elektron_analog_heat_+fx_nrpn_0,elektron_analog_heat_+fx,Character: Circuit,,0: Clean Boost; 1: Saturation; 2: Enhance; 3: Mid Drive; 4: Rough Crunch; 5: Classic Distortion; 6: Round Fuzz; 7: High Gain,0-based,1,108,0,7,Heat: Character
elektron_analog_heat_+fx_nrpn_1,elektron_analog_heat_+fx,Character: Drive,,,0-based,1,109,0,16256,Heat: Character
elektron_analog_heat_+fx_nrpn_2,elektron_analog_heat_+fx,Character: Level,,,0-based,1,110,0,16256,Heat: Character
elektron_analog_heat_+fx_nrpn_3,elektron_analog_heat_+fx,Character: Mix,,,0-based,1,111,0,16256,Heat: Character
elektron_analog_heat_+fx_nrpn_4,elektron_analog_heat_+fx,EQ: Low,,,0-based,1,28,0,16256,Heat: EQ
elektron_analog_heat_+fx_nrpn_5,elektron_analog_heat_+fx,EQ: High,,,0-based,1,29,0,16256,Heat: EQ
elektron_analog_heat_+fx_nrpn_6,elektron_analog_heat_+fx,Filter: Mode,,1: LP2; 3: LP1; 5: BP; 7: HP1; 9: HP2; 11: BS; 13: PK; 0-13: Off,0-based,1,30,0,13,Heat: Filter
elektron_analog_heat_+fx_nrpn_7,elektron_analog_heat_+fx,Filter: Frequency,,,0-based,1,22,0,16256,Heat: Filter
elektron_analog_heat_+fx_nrpn_8,elektron_analog_heat_+fx,Filter: Frequency Pan,,,Centered,1,26,0,16256,Heat: Filter
elektron_analog_heat_+fx_nrpn_9,elektron_analog_heat_+fx,Filter: Resonance,,,0-based,1,23,0,16256,Heat: Filter
elektron_analog_heat_+fx_nrpn_10,elektron_analog_heat_+fx,Filter: Dirt,,,0-based,1,27,0,127,Heat: Filter
elektron_analog_heat_+fx_nrpn_11,elektron_analog_heat_+fx,Filter: Envelope,,,0-based,1,24,0,16319,Heat: Filter
elektron_analog_heat_+fx_nrpn_12,elektron_analog_heat_+fx,Filter: LFO1,,,0-based,1,25,0,16319,Heat: Filter
elektron_analog_heat_+fx_nrpn_13,elektron_analog_heat_+fx,Envelope: Mode,,,0-based,1,17,0,125,Envelope
elektron_analog_heat_+fx_nrpn_14,elektron_analog_heat_+fx,Envelope: Attack,,,0-based,1,13,0,127,Envelope
elektron_analog_heat_+fx_nrpn_15,elektron_analog_heat_+fx,Envelope: Release,,,0-based,1,14,0,127,Envelope
elektron_analog_heat_+fx_nrpn_16,elektron_analog_heat_+fx,Envelope: Trig Level,,,0-based,1,12,0,16256,Envelope
elektron_analog_heat_+fx_nrpn_17,elektron_analog_heat_+fx,Envelope: Base,,,0-based,1,15,0,127,Envelope
elektron_analog_heat_+fx_nrpn_18,elektron_analog_heat_+fx,Envelope: Width,,,0-based,1,16,0,127,Envelope
elektron_analog_heat_+fx_nrpn_19,elektron_analog_heat_+fx,Envelope: Destination,,0: META None; 3: AMP Drive; 4: AMP Level; 5: AMP Mix; 6: PST Volume; 7: GATE Threshold; 8: GATE Hold; 9: GATE Release; 10: GATE Range; 11: FILTER EQ Low; 12: FILTER EQ High; 14: FILTER Frequency; 15: FILTER Frequency Pan; 16: FILTER Resonance; 17: FILTER Dirt; 27: FILTER LFO1; 21: FILTER Env; 18: ENV Trig Level; 19: ENV Attack; 20: ENV Release; 22: ENV Base; 23: ENV Width; 24: ENV Destination 1; 25: ENV Depth 1; 66: ENV Destination 2; 67: ENV Depth 2; 28: LFO1 Speed; 29: LFO1 Multiplier; 30: LFO1 Fade; 31: LFO1 Destination 1; 32: LFO1 Destination 2; 33: LFO1 Waveform; 34: LFO1 Start; 35: LFO1 Mode; 36: LFO1 Depth 1; 37: LFO1 Depth 2; 38: LFO2 Speed; 39: LFO2 Multiplier; 40: LFO2 Fade; 41: LFO2 Destination 1; 42: LFO2 Destination 2; 43: LFO2 Waveform; 44: LFO2 Start; 45: LFO2 Mode; 46: LFO2 Depth 1; 47: LFO2 Depth 2; 48: LFO3 Speed; 49: LFO3 Multiplier; 50: LFO3 Fade; 51: LFO3 Destination 1; 52: LFO3 Destination 2; 53: LFO3 Waveform; 54: LFO3 Start; 55: LFO3 Mode; 56: LFO3 Depth 1; 57: LFO3 Depth 2; 68: BITS SRR; 69: BITS BR; 70: BITS Filter; 71: BITS Mix; 72: CHORUS Depth; 73: CHORUS Speed; 75: CHORUS Width; 76: CHORUS Mix; 77: DELAY Time; 78: DELAY Ping; 79: DELAY Width; 80: DELAY Feedback; 81: DELAY HPF; 82: DELAY LPF; 83: DELAY Amount; 84: DELAY Mix Mode; 85: REVERB Pre-delay; 86: REVERB Decay; 87: REVERB Frequency; 88: REVERB Gain; 89: REVERB HPF; 90: REVERB LPF; 91: REVERB Amount; 92: REVERB Mix Mode; 93: COMP Threshold; 94: COMP Attack; 95: COMP Release; 96: COMP Makeup Gain; 97: COMP Ratio; 99: COMP SC Filter; 100: COMP Mix; 101: WARBLE Mix; 102: WARBLE Depth; 103: WARBLE Speed; 104: WARBLE Base; 105: WARBLE Width; 106: WARBLE Stereo; 107: WARBLE Noise Level; 108: WARBLE Noise HPF; 109: BASS X Freq; 110: BASS HP Level; 111: BASS LP Level; 112: BASS Bass; 0-112: META None,0-based,1,18,0,112,Envelope
elektron_analog_heat_+fx_nrpn_20,elektron_analog_heat_+fx,Envelope: Depth,,,0-based,1,19,0,16319,Envelope
elektron_analog_heat_+fx_nrpn_21,elektron_analog_heat_+fx,Envelope: Destination 2,,0: META None; 3: AMP Drive; 4: AMP Level; 5: AMP Mix; 6: PST Volume; 7: GATE Threshold; 8: GATE Hold; 9: GATE Release; 10: GATE Range; 11: FILTER EQ Low; 12: FILTER EQ High; 14: FILTER Frequency; 15: FILTER Frequency Pan; 16: FILTER Resonance; 17: FILTER Dirt; 27: FILTER LFO1; 21: FILTER Env; 18: ENV Trig Level; 19: ENV Attack; 20: ENV Release; 22: ENV Base; 23: ENV Width; 24: ENV Destination 1; 25: ENV Depth 1; 66: ENV Destination 2; 67: ENV Depth 2; 28: LFO1 Speed; 29: LFO1 Multiplier; 30: LFO1 Fade; 31: LFO1 Destination 1; 32: LFO1 Destination 2; 33: LFO1 Waveform; 34: LFO1 Start; 35: LFO1 Mode; 36: LFO1 Depth 1; 37: LFO1 Depth 2; 38: LFO2 Speed; 39: LFO2 Multiplier; 40: LFO2 Fade; 41: LFO2 Destination 1; 42: LFO2 Destination 2; 43: LFO2 Waveform; 44: LFO2 Start; 45: LFO2 Mode; 46: LFO2 Depth 1; 47: LFO2 Depth 2; 48: LFO3 Speed; 49: LFO3 Multiplier; 50: LFO3 Fade; 51: LFO3 Destination 1; 52: LFO3 Destination 2; 53: LFO3 Waveform; 54: LFO3 Start; 55: LFO3 Mode; 56: LFO3 Depth 1; 57: LFO3 Depth 2; 68: BITS SRR; 69: BITS BR; 70: BITS Filter; 71: BITS Mix; 72: CHORUS Depth; 73: CHORUS Speed; 75: CHORUS Width; 76: CHORUS Mix; 77: DELAY Time; 78: DELAY Ping; 79: DELAY Width; 80: DELAY Feedback; 81: DELAY HPF; 82: DELAY LPF; 83: DELAY Amount; 84: DELAY Mix Mode; 85: REVERB Pre-delay; 86: REVERB Decay; 87: REVERB Frequency; 88: REVERB Gain; 89: REVERB HPF; 90: REVERB LPF; 91: REVERB Amount; 92: REVERB Mix Mode; 93: COMP Threshold; 94: COMP Attack; 95: COMP Release; 96: COMP Makeup Gain; 97: COMP Ratio; 99: COMP SC Filter; 100: COMP Mix; 101: WARBLE Mix; 102: WARBLE Depth; 103: WARBLE Speed; 104: WARBLE Base; 105: WARBLE Width; 106: WARBLE Stereo; 107: WARBLE Noise Level; 108: WARBLE Noise HPF; 109: BASS X Freq; 110: BASS HP Level; 111: BASS LP Level; 112: BASS Bass; 0-112: META None,0-based,1,20,0,112,Envelope
elektron_analog_heat_+fx_nrpn_22,elektron_analog_heat_+fx,Envelope: Depth 2,,,0-based,1,21,0,127,Envelope
elektron_analog_heat_+fx_nrpn_23,elektron_analog_heat_+fx,LFO1: Speed,,,0-based,1,67,0,127,LFOs
elektron_analog_heat_+fx_nrpn_24,elektron_analog_heat_+fx,LFO1: Multiplier,,,0-based,1,68,0,127,LFOs
elektron_analog_heat_+fx_nrpn_25,elektron_analog_heat_+fx,LFO1: Waveform,,0: Triangle; 1: Sine; 2: Square; 3: Saw; 4: Exponential; 5: Ramp; 6: Random,0-based,1,66,0,6,LFOs
elektron_analog_heat_+fx_nrpn_26,elektron_analog_heat_+fx,LFO1: Start Phase,,,0-based,1,71,0,127,LFOs
elektron_analog_heat_+fx_nrpn_27,elektron_analog_heat_+fx,LFO1: Destination,,0: META None; 3: AMP Drive; 4: AMP Level; 5: AMP Mix; 6: PST Volume; 7: GATE Threshold; 8: GATE Hold; 9: GATE Release; 10: GATE Range; 11: FILTER EQ Low; 12: FILTER EQ High; 14: FILTER Frequency; 15: FILTER Frequency Pan; 16: FILTER Resonance; 17: FILTER Dirt; 27: FILTER LFO1; 21: FILTER Env; 18: ENV Trig Level; 19: ENV Attack; 20: ENV Release; 22: ENV Base; 23: ENV Width; 24: ENV Destination 1; 25: ENV Depth 1; 66: ENV Destination 2; 67: ENV Depth 2; 28: LFO1 Speed; 29: LFO1 Multiplier; 30: LFO1 Fade; 31: LFO1 Destination 1; 32: LFO1 Destination 2; 33: LFO1 Waveform; 34: LFO1 Start; 35: LFO1 Mode; 36: LFO1 Depth 1; 37: LFO1 Depth 2; 38: LFO2 Speed; 39: LFO2 Multiplier; 40: LFO2 Fade; 41: LFO2 Destination 1; 42: LFO2 Destination 2; 43: LFO2 Waveform; 44: LFO2 Start; 45: LFO2 Mode; 46: LFO2 Depth 1; 47: LFO2 Depth 2; 48: LFO3 Speed; 49: LFO3 Multiplier; 50: LFO3 Fade; 51: LFO3 Destination 1; 52: LFO3 Destination 2; 53: LFO3 Waveform; 54: LFO3 Start; 55: LFO3 Mode; 56: LFO3 Depth 1; 57: LFO3 Depth 2; 68: BITS SRR; 69: BITS BR; 70: BITS Filter; 71: BITS Mix; 72: CHORUS Depth; 73: CHORUS Speed; 75: CHORUS Width; 76: CHORUS Mix; 77: DELAY Time; 78: DELAY Ping; 79: DELAY Width; 80: DELAY Feedback; 81: DELAY HPF; 82: DELAY LPF; 83: DELAY Amount; 84: DELAY Mix Mode; 85: REVERB Pre-delay; 86: REVERB Decay; 87: REVERB Frequency; 88: REVERB Gain; 89: REVERB HPF; 90: REVERB LPF; 91: REVERB Amount; 92: REVERB Mix Mode; 93: COMP Threshold; 94: COMP Attack; 95: COMP Release; 96: COMP Makeup Gain; 97: COMP Ratio; 99: COMP SC Filter; 100: COMP Mix; 101: WARBLE Mix; 102: WARBLE Depth; 103: WARBLE Speed; 104: WARBLE Base; 105: WARBLE Width; 106: WARBLE Stereo; 107: WARBLE Noise Level; 108: WARBLE Noise HPF; 109: BASS X Freq; 110: BASS HP Level; 111: BASS LP Level; 112: BASS Bass; 0-112: META None,0-based,1,72,0,112,LFOs
elektron_analog_heat_+fx_nrpn_28,elektron_analog_heat_+fx,LFO1: Depth,,,Centered,1,73,0,16319,LFOs
elektron_analog_heat_+fx_nrpn_29,elektron_analog_heat_+fx,LFO1: Destination 2,,0: META None; 3: AMP Drive; 4: AMP Level; 5: AMP Mix; 6: PST Volume; 7: GATE Threshold; 8: GATE Hold; 9: GATE Release; 10: GATE Range; 11: FILTER EQ Low; 12: FILTER EQ High; 14: FILTER Frequency; 15: FILTER Frequency Pan; 16: FILTER Resonance; 17: FILTER Dirt; 27: FILTER LFO1; 21: FILTER Env; 18: ENV Trig Level; 19: ENV Attack; 20: ENV Release; 22: ENV Base; 23: ENV Width; 24: ENV Destination 1; 25: ENV Depth 1; 66: ENV Destination 2; 67: ENV Depth 2; 28: LFO1 Speed; 29: LFO1 Multiplier; 30: LFO1 Fade; 31: LFO1 Destination 1; 32: LFO1 Destination 2; 33: LFO1 Waveform; 34: LFO1 Start; 35: LFO1 Mode; 36: LFO1 Depth 1; 37: LFO1 Depth 2; 38: LFO2 Speed; 39: LFO2 Multiplier; 40: LFO2 Fade; 41: LFO2 Destination 1; 42: LFO2 Destination 2; 43: LFO2 Waveform; 44: LFO2 Start; 45: LFO2 Mode; 46: LFO2 Depth 1; 47: LFO2 Depth 2; 48: LFO3 Speed; 49: LFO3 Multiplier; 50: LFO3 Fade; 51: LFO3 Destination 1; 52: LFO3 Destination 2; 53: LFO3 Waveform; 54: LFO3 Start; 55: LFO3 Mode; 56: LFO3 Depth 1; 57: LFO3 Depth 2; 68: BITS SRR; 69: BITS BR; 70: BITS Filter; 71: BITS Mix; 72: CHORUS Depth; 73: CHORUS Speed; 75: CHORUS Width; 76: CHORUS Mix; 77: DELAY Time; 78: DELAY Ping; 79: DELAY Width; 80: DELAY Feedback; 81: DELAY HPF; 82: DELAY LPF; 83: DELAY Amount; 84: DELAY Mix Mode; 85: REVERB Pre-delay; 86: REVERB Decay; 87: REVERB Frequency; 88: REVERB Gain; 89: REVERB HPF; 90: REVERB LPF; 91: REVERB Amount; 92: REVERB Mix Mode; 93: COMP Threshold; 94: COMP Attack; 95: COMP Release; 96: COMP Makeup Gain; 97: COMP Ratio; 99: COMP SC Filter; 100: COMP Mix; 101: WARBLE Mix; 102: WARBLE Depth; 103: WARBLE Speed; 104: WARBLE Base; 105: WARBLE Width; 106: WARBLE Stereo; 107: WARBLE Noise Level; 108: WARBLE Noise HPF; 109: BASS X Freq; 110: BASS HP Level; 111: BASS LP Level; 112: BASS Bass; 0-112: META None,0-based,1,74,0,112,LFOs
elektron_analog_heat_+fx_nrpn_30,elektron_analog_heat_+fx,LFO1: Depth 2,,,Centered,1,75,0,127,LFOs
elektron_analog_heat_+fx_nrpn_31,elektron_analog_heat_+fx,LFO2: Speed,,,0-based,1,77,0,127,LFOs
elektron_analog_heat_+fx_nrpn_32,elektron_analog_heat_+fx,LFO2: Multiplier,,,0-based,1,78,0,127,LFOs
elektron_analog_heat_+fx_nrpn_33,elektron_analog_heat_+fx,LFO2: Waveform,,0: Triangle; 1: Sine; 2: Square; 3: Saw; 4: Exponential; 5: Ramp; 6: Random,0-based,1,76,0,6,LFOs
elektron_analog_heat_+fx_nrpn_34,elektron_analog_heat_+fx,LFO2: Start Phase,,,0-based,1,81,0,127,LFOs
elektron_analog_heat_+fx_nrpn_35,elektron_analog_heat_+fx,LFO2: Destination,,0: META None; 3: AMP Drive; 4: AMP Level; 5: AMP Mix; 6: PST Volume; 7: GATE Threshold; 8: GATE Hold; 9: GATE Release; 10: GATE Range; 11: FILTER EQ Low; 12: FILTER EQ High; 14: FILTER Frequency; 15: FILTER Frequency Pan; 16: FILTER Resonance; 17: FILTER Dirt; 27: FILTER LFO1; 21: FILTER Env; 18: ENV Trig Level; 19: ENV Attack; 20: ENV Release; 22: ENV Base; 23: ENV Width; 24: ENV Destination 1; 25: ENV Depth 1; 66: ENV Destination 2; 67: ENV Depth 2; 28: LFO1 Speed; 29: LFO1 Multiplier; 30: LFO1 Fade; 31: LFO1 Destination 1; 32: LFO1 Destination 2; 33: LFO1 Waveform; 34: LFO1 Start; 35: LFO1 Mode; 36: LFO1 Depth 1; 37: LFO1 Depth 2; 38: LFO2 Speed; 39: LFO2 Multiplier; 40: LFO2 Fade; 41: LFO2 Destination 1; 42: LFO2 Destination 2; 43: LFO2 Waveform; 44: LFO2 Start; 45: LFO2 Mode; 46: LFO2 Depth 1; 47: LFO2 Depth 2; 48: LFO3 Speed; 49: LFO3 Multiplier; 50: LFO3 Fade; 51: LFO3 Destination 1; 52: LFO3 Destination 2; 53: LFO3 Waveform; 54: LFO3 Start; 55: LFO3 Mode; 56: LFO3 Depth 1; 57: LFO3 Depth 2; 68: BITS SRR; 69: BITS BR; 70: BITS Filter; 71: BITS Mix; 72: CHORUS Depth; 73: CHORUS Speed; 75: CHORUS Width; 76: CHORUS Mix; 77: DELAY Time; 78: DELAY Ping; 79: DELAY Width; 80: DELAY Feedback; 81: DELAY HPF; 82: DELAY LPF; 83: DELAY Amount; 84: DELAY Mix Mode; 85: REVERB Pre-delay; 86: REVERB Decay; 87: REVERB Frequency; 88: REVERB Gain; 89: REVERB HPF; 90: REVERB LPF; 91: REVERB Amount; 92: REVERB Mix Mode; 93: COMP Threshold; 94: COMP Attack; 95: COMP Release; 96: COMP Makeup Gain; 97: COMP Ratio; 99: COMP SC Filter; 100: COMP Mix; 101: WARBLE Mix; 102: WARBLE Depth; 103: WARBLE Speed; 104: WARBLE Base; 105: WARBLE Width; 106: WARBLE Stereo; 107: WARBLE Noise Level; 108: WARBLE Noise HPF; 109: BASS X Freq; 110: BASS HP Level; 111: BASS LP Level; 112: BASS Bass; 0-112: META None,0-based,1,84,0,112,LFOs
elektron_analog_heat_+fx_nrpn_36,elektron_analog_heat_+fx,LFO2: Depth,,,Centered,1,83,0,16319,LFOs
elektron_analog_heat_+fx_nrpn_37,elektron_analog_heat_+fx,LFO2: Destination 2,,0: META None; 3: AMP Drive; 4: AMP Level; 5: AMP Mix; 6: PST Volume; 7: GATE Threshold; 8: GATE Hold; 9: GATE Release; 10: GATE Range; 11: FILTER EQ Low; 12: FILTER EQ High; 14: FILTER Frequency; 15: FILTER Frequency Pan; 16: FILTER Resonance; 17: FILTER Dirt; 27: FILTER LFO1; 21: FILTER Env; 18: ENV Trig Level; 19: ENV Attack; 20: ENV Release; 22: ENV Base; 23: ENV Width; 24: ENV Destination 1; 25: ENV Depth 1; 66: ENV Destination 2; 67: ENV Depth 2; 28: LFO1 Speed; 29: LFO1 Multiplier; 30: LFO1 Fade; 31: LFO1 Destination 1; 32: LFO1 Destination 2; 33: LFO1 Waveform; 34: LFO1 Start; 35: LFO1 Mode; 36: LFO1 Depth 1; 37: LFO1 Depth 2; 38: LFO2 Speed; 39: LFO2 Multiplier; 40: LFO2 Fade; 41: LFO2 Destination 1; 42: LFO2 Destination 2; 43: LFO2 Waveform; 44: LFO2 Start; 45: LFO2 Mode; 46: LFO2 Depth 1; 47: LFO2 Depth 2; 48: LFO3 Speed; 49: LFO3 Multiplier; 50: LFO3 Fade; 51: LFO3 Destination 1; 52: LFO3 Destination 2; 53: LFO3 Waveform; 54: LFO3 Start; 55: LFO3 Mode; 56: LFO3 Depth 1; 57: LFO3 Depth 2; 68: BITS SRR; 69: BITS BR; 70: BITS Filter; 71: BITS Mix; 72: CHORUS Depth; 73: CHORUS Speed; 75: CHORUS Width; 76: CHORUS Mix; 77: DELAY Time; 78: DELAY Ping; 79: DELAY Width; 80: DELAY Feedback; 81: DELAY HPF; 82: DELAY LPF; 83: DELAY Amount; 84: DELAY Mix Mode; 85: REVERB Pre-delay; 86: REVERB Decay; 87: REVERB Frequency; 88: REVERB Gain; 89: REVERB HPF; 90: REVERB LPF; 91: REVERB Amount; 92: REVERB Mix Mode; 93: COMP Threshold; 94: COMP Attack; 95: COMP Release; 96: COMP Makeup Gain; 97: COMP Ratio; 99: COMP SC Filter; 100: COMP Mix; 101: WARBLE Mix; 102: WARBLE Depth; 103: WARBLE Speed; 104: WARBLE Base; 105: WARBLE Width; 106: WARBLE Stereo; 107: WARBLE Noise Level; 108: WARBLE Noise HPF; 109: BASS X Freq; 110: BASS HP Level; 111: BASS LP Level; 112: BASS Bass; 0-112: META None,0-based,1,84,0,112,LFOs
elektron_analog_heat_+fx_nrpn_38,elektron_analog_heat_+fx,LFO2: Depth 2,,,Centered,1,85,0,127,LFOs
elektron_analog_heat_+fx_nrpn_39,elektron_analog_heat_+fx,LFO3: Speed,,,0-based,1,87,0,127,LFOs
elektron_analog_heat_+fx_nrpn_40,elektron_analog_heat_+fx,LFO3: Multiplier,,,0-based,1,88,0,127,LFOs
elektron_analog_heat_+fx_nrpn_41,elektron_analog_heat_+fx,LFO3: Waveform,,0: Triangle; 1: Sine; 2: Square; 3: Saw; 4: Exponential; 5: Ramp; 6: Random,0-based,1,86,0,6,LFOs
elektron_analog_heat_+fx_nrpn_42,elektron_analog_heat_+fx,LFO3: Start Phase,,,0-based,1,91,0,127,LFOs
elektron_analog_heat_+fx_nrpn_43,elektron_analog_heat_+fx,LFO3: Destination,,0: META None; 3: AMP Drive; 4: AMP Level; 5: AMP Mix; 6: PST Volume; 7: GATE Threshold; 8: GATE Hold; 9: GATE Release; 10: GATE Range; 11: FILTER EQ Low; 12: FILTER EQ High; 14: FILTER Frequency; 15: FILTER Frequency Pan; 16: FILTER Resonance; 17: FILTER Dirt; 27: FILTER LFO1; 21: FILTER Env; 18: ENV Trig Level; 19: ENV Attack; 20: ENV Release; 22: ENV Base; 23: ENV Width; 24: ENV Destination 1; 25: ENV Depth 1; 66: ENV Destination 2; 67: ENV Depth 2; 28: LFO1 Speed; 29: LFO1 Multiplier; 30: LFO1 Fade; 31: LFO1 Destination 1; 32: LFO1 Destination 2; 33: LFO1 Waveform; 34: LFO1 Start; 35: LFO1 Mode; 36: LFO1 Depth 1; 37: LFO1 Depth 2; 38: LFO2 Speed; 39: LFO2 Multiplier; 40: LFO2 Fade; 41: LFO2 Destination 1; 42: LFO2 Destination 2; 43: LFO2 Waveform; 44: LFO2 Start; 45: LFO2 Mode; 46: LFO2 Depth 1; 47: LFO2 Depth 2; 48: LFO3 Speed; 49: LFO3 Multiplier; 50: LFO3 Fade; 51: LFO3 Destination 1; 52: LFO3 Destination 2; 53: LFO3 Waveform; 54: LFO3 Start; 55: LFO3 Mode; 56: LFO3 Depth 1; 57: LFO3 Depth 2; 68: BITS SRR; 69: BITS BR; 70: BITS Filter; 71: BITS Mix; 72: CHORUS Depth; 73: CHORUS Speed; 75: CHORUS Width; 76: CHORUS Mix; 77: DELAY Time; 78: DELAY Ping; 79: DELAY Width; 80: DELAY Feedback; 81: DELAY HPF; 82: DELAY LPF; 83: DELAY Amount; 84: DELAY Mix Mode; 85: REVERB Pre-delay; 86: REVERB Decay; 87: REVERB Frequency; 88: REVERB Gain; 89: REVERB HPF; 90: REVERB LPF; 91: REVERB Amount; 92: REVERB Mix Mode; 93: COMP Threshold; 94: COMP Attack; 95: COMP Release; 96: COMP Makeup Gain; 97: COMP Ratio; 99: COMP SC Filter; 100: COMP Mix; 101: WARBLE Mix; 102: WARBLE Depth; 103: WARBLE Speed; 104: WARBLE Base; 105: WARBLE Width; 106: WARBLE Stereo; 107: WARBLE Noise Level; 108: WARBLE Noise HPF; 109: BASS X Freq; 110: BASS HP Level; 111: BASS LP Level; 112: BASS Bass; 0-112: META None,0-based,1,92,0,112,LFOs
elektron_analog_heat_+fx_nrpn_44,elektron_analog_heat_+fx,LFO3: Depth,,,Centered,1,93,0,16319,LFOs
elektron_analog_heat_+fx_nrpn_45,elektron_analog_heat_+fx,LFO3: Destination 2,,0: META None; 3: AMP Drive; 4: AMP Level; 5: AMP Mix; 6: PST Volume; 7: GATE Threshold; 8: GATE Hold; 9: GATE Release; 10: GATE Range; 11: FILTER EQ Low; 12: FILTER EQ High; 14: FILTER Frequency; 15: FILTER Frequency Pan; 16: FILTER Resonance; 17: FILTER Dirt; 27: FILTER LFO1; 21: FILTER Env; 18: ENV Trig Level; 19: ENV Attack; 20: ENV Release; 22: ENV Base; 23: ENV Width; 24: ENV Destination 1; 25: ENV Depth 1; 66: ENV Destination 2; 67: ENV Depth 2; 28: LFO1 Speed; 29: LFO1 Multiplier; 30: LFO1 Fade; 31: LFO1 Destination 1; 32: LFO1 Destination 2; 33: LFO1 Waveform; 34: LFO1 Start; 35: LFO1 Mode; 36: LFO1 Depth 1; 37: LFO1 Depth 2; 38: LFO2 Speed; 39: LFO2 Multiplier; 40: LFO2 Fade; 41: LFO2 Destination 1; 42: LFO2 Destination 2; 43: LFO2 Waveform; 44: LFO2 Start; 45: LFO2 Mode; 46: LFO2 Depth 1; 47: LFO2 Depth 2; 48: LFO3 Speed; 49: LFO3 Multiplier; 50: LFO3 Fade; 51: LFO3 Destination 1; 52: LFO3 Destination 2; 53: LFO3 Waveform; 54: LFO3 Start; 55: LFO3 Mode; 56: LFO3 Depth 1; 57: LFO3 Depth 2; 68: BITS SRR; 69: BITS BR; 70: BITS Filter; 71: BITS Mix; 72: CHORUS Depth; 73: CHORUS Speed; 75: CHORUS Width; 76: CHORUS Mix; 77: DELAY Time; 78: DELAY Ping; 79: DELAY Width; 80: DELAY Feedback; 81: DELAY HPF; 82: DELAY LPF; 83: DELAY Amount; 84: DELAY Mix Mode; 85: REVERB Pre-delay; 86: REVERB Decay; 87: REVERB Frequency; 88: REVERB Gain; 89: REVERB HPF; 90: REVERB LPF; 91: REVERB Amount; 92: REVERB Mix Mode; 93: COMP Threshold; 94: COMP Attack; 95: COMP Release; 96: COMP Makeup Gain; 97: COMP Ratio; 99: COMP SC Filter; 100: COMP Mix; 101: WARBLE Mix; 102: WARBLE Depth; 103: WARBLE Speed; 104: WARBLE Base; 105: WARBLE Width; 106: WARBLE Stereo; 107: WARBLE Noise Level; 108: WARBLE Noise HPF; 109: BASS X Freq; 110: BASS HP Level; 111: BASS LP Level; 112: BASS Bass; 0-112: META None,0-based,1,94,0,112,LFOs
elektron_analog_heat_+fx_nrpn_46,elektron_analog_heat_+fx,LFO3: Depth 2,,,Centered,1,95,0,127,LFOs
elektron_analog_heat_+fx_nrpn_47,elektron_analog_heat_+fx,CV A: Destination,,0: META None; 3: AMP Drive; 4: AMP Level; 5: AMP Mix; 6: PST Volume; 7: GATE Threshold; 8: GATE Hold; 9: GATE Release; 10: GATE Range; 11: FILTER EQ Low; 12: FILTER EQ High; 14: FILTER Frequency; 15: FILTER Frequency Pan; 16: FILTER Resonance; 17: FILTER Dirt; 27: FILTER LFO1; 21: FILTER Env; 18: ENV Trig Level; 19: ENV Attack; 20: ENV Release; 22: ENV Base; 23: ENV Width; 24: ENV Destination 1; 25: ENV Depth 1; 66: ENV Destination 2; 67: ENV Depth 2; 28: LFO1 Speed; 29: LFO1 Multiplier; 30: LFO1 Fade; 31: LFO1 Destination 1; 32: LFO1 Destination 2; 33: LFO1 Waveform; 34: LFO1 Start; 35: LFO1 Mode; 36: LFO1 Depth 1; 37: LFO1 Depth 2; 38: LFO2 Speed; 39: LFO2 Multiplier; 40: LFO2 Fade; 41: LFO2 Destination 1; 42: LFO2 Destination 2; 43: LFO2 Waveform; 44: LFO2 Start; 45: LFO2 Mode; 46: LFO2 Depth 1; 47: LFO2 Depth 2; 48: LFO3 Speed; 49: LFO3 Multiplier; 50: LFO3 Fade; 51: LFO3 Destination 1; 52: LFO3 Destination 2; 53: LFO3 Waveform; 54: LFO3 Start; 55: LFO3 Mode; 56: LFO3 Depth 1; 57: LFO3 Depth 2; 68: BITS SRR; 69: BITS BR; 70: BITS Filter; 71: BITS Mix; 72: CHORUS Depth; 73: CHORUS Speed; 75: CHORUS Width; 76: CHORUS Mix; 77: DELAY Time; 78: DELAY Ping; 79: DELAY Width; 80: DELAY Feedback; 81: DELAY HPF; 82: DELAY LPF; 83: DELAY Amount; 84: DELAY Mix Mode; 85: REVERB Pre-delay; 86: REVERB Decay; 87: REVERB Frequency; 88: REVERB Gain; 89: REVERB HPF; 90: REVERB LPF; 91: REVERB Amount; 92: REVERB Mix Mode; 93: COMP Threshold; 94: COMP Attack; 95: COMP Release; 96: COMP Makeup Gain; 97: COMP Ratio; 99: COMP SC Filter; 100: COMP Mix; 101: WARBLE Mix; 102: WARBLE Depth; 103: WARBLE Speed; 104: WARBLE Base; 105: WARBLE Width; 106: WARBLE Stereo; 107: WARBLE Noise Level; 108: WARBLE Noise HPF; 109: BASS X Freq; 110: BASS HP Level; 111: BASS LP Level; 112: BASS Bass; 0-112: META None,0-based,1,100,0,112,Controls
elektron_analog_heat_+fx_nrpn_48,elektron_analog_heat_+fx,CV A: Depth,,,Centered,1,101,0,127,Controls
elektron_analog_heat_+fx_nrpn_49,elektron_analog_heat_+fx,CV B: Destination,,0: META None; 3: AMP Drive; 4: AMP Level; 5: AMP Mix; 6: PST Volume; 7: GATE Threshold; 8: GATE Hold; 9: GATE Release; 10: GATE Range; 11: FILTER EQ Low; 12: FILTER EQ High; 14: FILTER Frequency; 15: FILTER Frequency Pan; 16: FILTER Resonance; 17: FILTER Dirt; 27: FILTER LFO1; 21: FILTER Env; 18: ENV Trig Level; 19: ENV Attack; 20: ENV Release; 22: ENV Base; 23: ENV Width; 24: ENV Destination 1; 25: ENV Depth 1; 66: ENV Destination 2; 67: ENV Depth 2; 28: LFO1 Speed; 29: LFO1 Multiplier; 30: LFO1 Fade; 31: LFO1 Destination 1; 32: LFO1 Destination 2; 33: LFO1 Waveform; 34: LFO1 Start; 35: LFO1 Mode; 36: LFO1 Depth 1; 37: LFO1 Depth 2; 38: LFO2 Speed; 39: LFO2 Multiplier; 40: LFO2 Fade; 41: LFO2 Destination 1; 42: LFO2 Destination 2; 43: LFO2 Waveform; 44: LFO2 Start; 45: LFO2 Mode; 46: LFO2 Depth 1; 47: LFO2 Depth 2; 48: LFO3 Speed; 49: LFO3 Multiplier; 50: LFO3 Fade; 51: LFO3 Destination 1; 52: LFO3 Destination 2; 53: LFO3 Waveform; 54: LFO3 Start; 55: LFO3 Mode; 56: LFO3 Depth 1; 57: LFO3 Depth 2; 68: BITS SRR; 69: BITS BR; 70: BITS Filter; 71: BITS Mix; 72: CHORUS Depth; 73: CHORUS Speed; 75: CHORUS Width; 76: CHORUS Mix; 77: DELAY Time; 78: DELAY Ping; 79: DELAY Width; 80: DELAY Feedback; 81: DELAY HPF; 82: DELAY LPF; 83: DELAY Amount; 84: DELAY Mix Mode; 85: REVERB Pre-delay; 86: REVERB Decay; 87: REVERB Frequency; 88: REVERB Gain; 89: REVERB HPF; 90: REVERB LPF; 91: REVERB Amount; 92: REVERB Mix Mode; 93: COMP Threshold; 94: COMP Attack; 95: COMP Release; 96: COMP Makeup Gain; 97: COMP Ratio; 99: COMP SC Filter; 100: COMP Mix; 101: WARBLE Mix; 102: WARBLE Depth; 103: WARBLE Speed; 104: WARBLE Base; 105: WARBLE Width; 106: WARBLE Stereo; 107: WARBLE Noise Level; 108: WARBLE Noise HPF; 109: BASS X Freq; 110: BASS HP Level; 111: BASS LP Level; 112: BASS Bass; 0-112: META None,0-based,1,104,0,112,Controls
elektron_analog_heat_+fx_nrpn_50,elektron_analog_heat_+fx,CV B: Depth,,,Centered,1,105,0,127,Controls
elektron_analog_heat_+fx_nrpn_51,elektron_analog_heat_+fx,Expr. A: Destination,,0: META None; 3: AMP Drive; 4: AMP Level; 5: AMP Mix; 6: PST Volume; 7: GATE Threshold; 8: GATE Hold; 9: GATE Release; 10: GATE Range; 11: FILTER EQ Low; 12: FILTER EQ High; 14: FILTER Frequency; 15: FILTER Frequency Pan; 16: FILTER Resonance; 17: FILTER Dirt; 27: FILTER LFO1; 21: FILTER Env; 18: ENV Trig Level; 19: ENV Attack; 20: ENV Release; 22: ENV Base; 23: ENV Width; 24: ENV Destination 1; 25: ENV Depth 1; 66: ENV Destination 2; 67: ENV Depth 2; 28: LFO1 Speed; 29: LFO1 Multiplier; 30: LFO1 Fade; 31: LFO1 Destination 1; 32: LFO1 Destination 2; 33: LFO1 Waveform; 34: LFO1 Start; 35: LFO1 Mode; 36: LFO1 Depth 1; 37: LFO1 Depth 2; 38: LFO2 Speed; 39: LFO2 Multiplier; 40: LFO2 Fade; 41: LFO2 Destination 1; 42: LFO2 Destination 2; 43: LFO2 Waveform; 44: LFO2 Start; 45: LFO2 Mode; 46: LFO2 Depth 1; 47: LFO2 Depth 2; 48: LFO3 Speed; 49: LFO3 Multiplier; 50: LFO3 Fade; 51: LFO3 Destination 1; 52: LFO3 Destination 2; 53: LFO3 Waveform; 54: LFO3 Start; 55: LFO3 Mode; 56: LFO3 Depth 1; 57: LFO3 Depth 2; 68: BITS SRR; 69: BITS BR; 70: BITS Filter; 71: BITS Mix; 72: CHORUS Depth; 73: CHORUS Speed; 75: CHORUS Width; 76: CHORUS Mix; 77: DELAY Time; 78: DELAY Ping; 79: DELAY Width; 80: DELAY Feedback; 81: DELAY HPF; 82: DELAY LPF; 83: DELAY Amount; 84: DELAY Mix Mode; 85: REVERB Pre-delay; 86: REVERB Decay; 87: REVERB Frequency; 88: REVERB Gain; 89: REVERB HPF; 90: REVERB LPF; 91: REVERB Amount; 92: REVERB Mix Mode; 93: COMP Threshold; 94: COMP Attack; 95: COMP Release; 96: COMP Makeup Gain; 97: COMP Ratio; 99: COMP SC Filter; 100: COMP Mix; 101: WARBLE Mix; 102: WARBLE Depth; 103: WARBLE Speed; 104: WARBLE Base; 105: WARBLE Width; 106: WARBLE Stereo; 107: WARBLE Noise Level; 108: WARBLE Noise HPF; 109: BASS X Freq; 110: BASS HP Level; 111: BASS LP Level; 112: BASS Bass; 0-112: META None,0-based,1,102,0,112,Controls
elektron_analog_heat_+fx_nrpn_52,elektron_analog_heat_+fx,Expr. A: Depth,,,Centered,1,103,0,127,Controls
elektron_analog_heat_+fx_nrpn_53,elektron_analog_heat_+fx,Expr. B: Destination,,0: META None; 3: AMP Drive; 4: AMP Level; 5: AMP Mix; 6: PST Volume; 7: GATE Threshold; 8: GATE Hold; 9: GATE Release; 10: GATE Range; 11: FILTER EQ Low; 12: FILTER EQ High; 14: FILTER Frequency; 15: FILTER Frequency Pan; 16: FILTER Resonance; 17: FILTER Dirt; 27: FILTER LFO1; 21: FILTER Env; 18: ENV Trig Level; 19: ENV Attack; 20: ENV Release; 22: ENV Base; 23: ENV Width; 24: ENV Destination 1; 25: ENV Depth 1; 66: ENV Destination 2; 67: ENV Depth 2; 28: LFO1 Speed; 29: LFO1 Multiplier; 30: LFO1 Fade; 31: LFO1 Destination 1; 32: LFO1 Destination 2; 33: LFO1 Waveform; 34: LFO1 Start; 35: LFO1 Mode; 36: LFO1 Depth 1; 37: LFO1 Depth 2; 38: LFO2 Speed; 39: LFO2 Multiplier; 40: LFO2 Fade; 41: LFO2 Destination 1; 42: LFO2 Destination 2; 43: LFO2 Waveform; 44: LFO2 Start; 45: LFO2 Mode; 46: LFO2 Depth 1; 47: LFO2 Depth 2; 48: LFO3 Speed; 49: LFO3 Multiplier; 50: LFO3 Fade; 51: LFO3 Destination 1; 52: LFO3 Destination 2; 53: LFO3 Waveform; 54: LFO3 Start; 55: LFO3 Mode; 56: LFO3 Depth 1; 57: LFO3 Depth 2; 68: BITS SRR; 69: BITS BR; 70: BITS Filter; 71: BITS Mix; 72: CHORUS Depth; 73: CHORUS Speed; 75: CHORUS Width; 76: CHORUS Mix; 77: DELAY Time; 78: DELAY Ping; 79: DELAY Width; 80: DELAY Feedback; 81: DELAY HPF; 82: DELAY LPF; 83: DELAY Amount; 84: DELAY Mix Mode; 85: REVERB Pre-delay; 86: REVERB Decay; 87: REVERB Frequency; 88: REVERB Gain; 89: REVERB HPF; 90: REVERB LPF; 91: REVERB Amount; 92: REVERB Mix Mode; 93: COMP Threshold; 94: COMP Attack; 95: COMP Release; 96: COMP Makeup Gain; 97: COMP Ratio; 99: COMP SC Filter; 100: COMP Mix; 101: WARBLE Mix; 102: WARBLE Depth; 103: WARBLE Speed; 104: WARBLE Base; 105: WARBLE Width; 106: WARBLE Stereo; 107: WARBLE Noise Level; 108: WARBLE Noise HPF; 109: BASS X Freq; 110: BASS HP Level; 111: BASS LP Level; 112: BASS Bass; 0-112: META None,0-based,1,106,0,112,Controls
elektron_analog_heat_+fx_nrpn_54,elektron_analog_heat_+fx,Expr. B: Depth,,,Centered,1,107,0,127,Controls
elektron_analog_heat_+fx_nrpn_55,elektron_analog_heat_+fx,Gate: Threshold,,,0-based,1,113,0,127,Gate
elektron_analog_heat_+fx_nrpn_56,elektron_analog_heat_+fx,Gate: Hold,,,0-based,1,114,0,127,Gate
elektron_analog_heat_+fx_nrpn_57,elektron_analog_heat_+fx,Gate: Release,,,0-based,1,115,0,127,Gate
elektron_analog_heat_+fx_nrpn_58,elektron_analog_heat_+fx,Gate: Range,,,0-based,1,116,0,127,Gate
elektron_analog_heat_+fx_nrpn_59,elektron_analog_heat_+fx,Preset: Volume,,,0-based,1,112,0,127,Preset
elektron_analog_heat_+fx_nrpn_60,elektron_analog_heat_+fx,Bits: SRR,,,0-based,2,88,0,127,FX: Bits
elektron_analog_heat_+fx_nrpn_61,elektron_analog_heat_+fx,Bits: BT,,,0-based,2,89,0,127,FX: Bits
elektron_analog_heat_+fx_nrpn_62,elektron_analog_heat_+fx,Bits: Filter,,,Centered,2,90,0,127,FX: Bits
elektron_analog_heat_+fx_nrpn_63,elektron_analog_heat_+fx,Bits: Mix,,,0-based,2,91,0,127,FX: Bits
elektron_analog_heat_+fx_nrpn_64,elektron_analog_heat_+fx,Chorus: Depth,,,Centered,2,102,0,16256,FX: Chorus
elektron_analog_heat_+fx_nrpn_65,elektron_analog_heat_+fx,Chorus: Speed,,,Centered,2,103,0,16256,FX: Chorus
elektron_analog_heat_+fx_nrpn_66,elektron_analog_heat_+fx,Chorus: Width,,,0-based,2,105,0,127,FX: Chorus
elektron_analog_heat_+fx_nrpn_67,elektron_analog_heat_+fx,Chorus: Mix,,,0-based,2,106,0,127,FX: Chorus
elektron_analog_heat_+fx_nrpn_68,elektron_analog_heat_+fx,Delay: Time,,,0-based,2,107,0,16256,FX: Delay
elektron_analog_heat_+fx_nrpn_69,elektron_analog_heat_+fx,Delay: Pingpong,,0: Off; 1: On,0-based,2,108,0,1,FX: Delay
elektron_analog_heat_+fx_nrpn_70,elektron_analog_heat_+fx,Delay: Width,,,Centered,2,109,0,127,FX: Delay
elektron_analog_heat_+fx_nrpn_71,elektron_analog_heat_+fx,Delay: Feedback,,,0-based,2,110,0,127,FX: Delay
elektron_analog_heat_+fx_nrpn_72,elektron_analog_heat_+fx,Delay: HPF,,,0-based,2,111,0,16256,FX: Delay
elektron_analog_heat_+fx_nrpn_73,elektron_analog_heat_+fx,Delay: LPF,,,0-based,2,112,0,16256,FX: Delay
elektron_analog_heat_+fx_nrpn_74,elektron_analog_heat_+fx,Delay: Amount,,,0-based,2,113,0,127,FX: Delay
elektron_analog_heat_+fx_nrpn_75,elektron_analog_heat_+fx,Delay: Mode,,0: Send; 1: Return; 2: Mix,0-based,2,114,0,2,FX: Delay
elektron_analog_heat_+fx_nrpn_76,elektron_analog_heat_+fx,Reverb: Pre-delay,,,0-based,2,12,0,127,FX: Reverb
elektron_analog_heat_+fx_nrpn_77,elektron_analog_heat_+fx,Reverb: Decay Time,,0-126: Time; 127: Infinite,0-based,2,13,0,127,FX: Reverb
elektron_analog_heat_+fx_nrpn_78,elektron_analog_heat_+fx,Reverb: Frequency,,,0-based,2,14,0,127,FX: Reverb
elektron_analog_heat_+fx_nrpn_79,elektron_analog_heat_+fx,Reverb: Gain,,,0-based,2,15,0,127,FX: Reverb
elektron_analog_heat_+fx_nrpn_80,elektron_analog_heat_+fx,Reverb: HPF,,,0-based,2,16,0,127,FX: Reverb
elektron_analog_heat_+fx_nrpn_81,elektron_analog_heat_+fx,Reverb: LPF,,,0-based,2,17,0,127,FX: Reverb
elektron_analog_heat_+fx_nrpn_82,elektron_analog_heat_+fx,Reverb: Amount,,,0-based,2,18,0,127,FX: Reverb
elektron_analog_heat_+fx_nrpn_83,elektron_analog_heat_+fx,Reverb: Mode,,0: Send; 1: Return; 2: Mix,0-based,2,19,0,2,FX: Reverb
elektron_analog_heat_+fx_nrpn_84,elektron_analog_heat_+fx,Compressor: Threshold,,,0-based,2,20,0,127,FX: Compressor
elektron_analog_heat_+fx_nrpn_85,elektron_analog_heat_+fx,Compressor: Attack,,,0-based,2,21,0,127,FX: Compressor
elektron_analog_heat_+fx_nrpn_86,elektron_analog_heat_+fx,Compressor: Release,,,0-based,2,22,0,127,FX: Compressor
elektron_analog_heat_+fx_nrpn_87,elektron_analog_heat_+fx,Compressor: Makeup gain,,,0-based,2,23,0,127,FX: Compressor
elektron_analog_heat_+fx_nrpn_88,elektron_analog_heat_+fx,Compressor: Ratio,,0: 1.50; 1: 2.00; 2: 3.00; 3: 4.00; 4: 6.00; 5: 8.00; 6: 16.00; 7: 20.00,0-based,2,24,0,7,FX: Compressor
elektron_analog_heat_+fx_nrpn_89,elektron_analog_heat_+fx,Compressor: S.Chain Filter,,,Centered,2,26,0,127,FX: Compressor
elektron_analog_heat_+fx_nrpn_90,elektron_analog_heat_+fx,Compressor: Mix,,,0-based,2,27,0,127,FX: Compressor
elektron_analog_heat_+fx_nrpn_91,elektron_analog_heat_+fx,Warble: Mix,,,0-based,2,28,0,127,FX: Warble
elektron_analog_heat_+fx_nrpn_92,elektron_analog_heat_+fx,Warble: Depth,,,0-based,2,29,0,127,FX: Warble
elektron_analog_heat_+fx_nrpn_93,elektron_analog_heat_+fx,Warble: Speed,,,0-based,2,30,0,127,FX: Warble
elektron_analog_heat_+fx_nrpn_94,elektron_analog_heat_+fx,Warble: Base,,,0-based,2,31,0,127,FX: Warble
elektron_analog_heat_+fx_nrpn_95,elektron_analog_heat_+fx,Warble: Width,,,0-based,2,32,0,127,FX: Warble
elektron_analog_heat_+fx_nrpn_96,elektron_analog_heat_+fx,Warble: Stereo,,,0-based,2,33,0,127,FX: Warble
elektron_analog_heat_+fx_nrpn_97,elektron_analog_heat_+fx,Warble: Noise Level,,,0-based,2,34,0,127,FX: Warble
elektron_analog_heat_+fx_nrpn_98,elektron_analog_heat_+fx,Warble: Noise HPF,,,0-based,2,35,0,127,FX: Warble
elektron_analog_heat_+fx_nrpn_99,elektron_analog_heat_+fx,Bass Focus: XFreq,,,0-based,2,115,0,127,FX: Bass Focus
elektron_analog_heat_+fx_nrpn_100,elektron_analog_heat_+fx,Bass Focus: HP Level,,,0-based,2,116,0,127,FX: Bass Focus
elektron_analog_heat_+fx_nrpn_101,elektron_analog_heat_+fx,Bass Focus: LP Level,,,0-based,2,117,0,127,FX: Bass Focus
elektron_analog_heat_+fx_nrpn_102,elektron_analog_heat_+fx,Bass Focus: Bass,,0: Stereo; 1: Mono,0-based,2,118,0,1,FX: Bass Focus
elektron_analog_heat_nrpn_0,elektron_analog_heat,Circuit Select,,,0-based,0,70,0,16383,Parameter
elektron_analog_heat_nrpn_1,elektron_analog_heat,Drive,,,0-based,0,12,0,16383,Parameter
elektron_analog_heat_nrpn_2,elektron_analog_heat,WET Level,,,0-based,0,11,0,16383,Parameter
elektron_analog_heat_nrpn_3,elektron_analog_heat,DRY WET MIX,,,0-based,0,8,0,16383,Parameter
elektron_analog_heat_nrpn_4,elektron_analog_heat,Preset Volume,,,0-based,0,7,0,16383,Parameter
elektron_analog_heat_nrpn_5,elektron_analog_heat,EQ LOW,,,0-based,0,9,0,16383,Parameter
elektron_analog_heat_nrpn_6,elektron_analog_heat,EQ High,,,0-based,0,10,0,16383,Parameter
elektron_analog_heat_nrpn_7,elektron_analog_heat,VCF Mode,,,0-based,0,80,0,16383,Parameter
elektron_analog_heat_nrpn_8,elektron_analog_heat,VCF Frequency,,,0-based,0,74,0,16383,Parameter
elektron_analog_heat_nrpn_9,elektron_analog_heat,VCF Frequency PAN,,,0-based,0,79,0,16383,Parameter
elektron_analog_heat_nrpn_10,elektron_analog_heat,VCF Resonance,,,0-based,0,71,0,16383,Parameter
elektron_analog_heat_nrpn_11,elektron_analog_heat,VCF Dirt,,,0-based,0,13,0,16383,Parameter
elektron_analog_heat_nrpn_12,elektron_analog_heat,ENV TO Filter,,,0-based,0,14,0,16383,Parameter
elektron_analog_heat_nrpn_13,elektron_analog_heat,LFO TO Filter,,,0-based,0,15,0,16383,Parameter
elektron_analog_heat_nrpn_14,elektron_analog_heat,ENV Threshold,,,0-based,0,16,0,16383,Parameter
elektron_analog_heat_nrpn_15,elektron_analog_heat,ENV Attack,,,0-based,0,73,0,16383,Parameter
elektron_analog_heat_nrpn_16,elektron_analog_heat,ENV Release,,,0-based,0,72,0,16383,Parameter
elektron_analog_heat_nrpn_17,elektron_analog_heat,ENV Base,,,0-based,0,17,0,16383,Parameter
elektron_analog_heat_nrpn_18,elektron_analog_heat,ENV Width,,,0-based,0,18,0,16383,Parameter
elektron_analog_heat_nrpn_19,elektron_analog_heat,ENV Mode,,,0-based,0,19,0,16383,Parameter
elektron_analog_heat_nrpn_20,elektron_analog_heat,ENV Destination,,,0-based,0,75,0,16383,Parameter
elektron_analog_heat_nrpn_21,elektron_analog_heat,ENV Depth,,,0-based,0,20,0,16383,Parameter
elektron_analog_heat_nrpn_22,elektron_analog_heat,ENV Desination2,,,0-based,0,76,0,16383,Parameter
elektron_analog_heat_nrpn_23,elektron_analog_heat,ENV Depth2,,,0-based,0,21,0,16383,Parameter
elektron_analog_heat_nrpn_24,elektron_analog_heat,LFO Waveform,,,0-based,0,83,0,16383,Parameter
elektron_analog_heat_nrpn_25,elektron_analog_heat,LFO Speed,,,0-based,0,22,0,16383,Parameter
elektron_analog_heat_nrpn_26,elektron_analog_heat,LFO Multiplier,,,0-based,0,23,0,16383,Parameter
elektron_analog_heat_nrpn_27,elektron_analog_heat,LFO Fade,,,0-based,0,24,0,16383,Parameter
elektron_analog_heat_nrpn_28,elektron_analog_heat,LFO Mode,,,0-based,0,25,0,16383,Parameter
elektron_analog_heat_nrpn_29,elektron_analog_heat,LFO Start Phase,,,0-based,0,26,0,16383,Parameter
elektron_analog_heat_nrpn_30,elektron_analog_heat,LFO Destination,,,0-based,0,77,0,16383,Parameter
elektron_analog_heat_nrpn_31,elektron_analog_heat,LFO Depth,,,0-based,0,27,0,16383,Parameter
elektron_analog_heat_nrpn_32,elektron_analog_heat,LFO Destination2,,,0-based,0,78,0,16383,Parameter
elektron_analog_heat_nrpn_33,elektron_analog_heat,LFO Depth2,,,0-based,0,28,0,16383,Parameter
elektron_analog_heat_nrpn_34,elektron_analog_heat,CV A Destination,,,0-based,0,85,0,16383,Parameter
elektron_analog_heat_nrpn_35,elektron_analog_heat,CV A Depth,,,0-based,0,86,0,16383,Parameter
elektron_analog_heat_nrpn_36,elektron_analog_heat,Expr A Destination,,,0-based,0,87,0,16383,Parameter
elektron_analog_heat_nrpn_37,elektron_analog_heat,Expr A Depth,,,0-based,0,88,0,16383,Parameter
elektron_analog_heat_nrpn_38,elektron_analog_heat,CV B Destination,,,0-based,0,89,0,16383,Parameter
elektron_analog_heat_nrpn_39,elektron_analog_heat,CV B Depth,,,0-based,0,90,0,16383,Parameter
elektron_analog_heat_nrpn_40,elektron_analog_heat,Expr B Destination,,,0-based,0,91,0,16383,Parameter
elektron_analog_heat_nrpn_41,elektron_analog_heat,Expr B Depth,,,0-based,0,92,0,16383,Parameter
elektron_analog_rytm_mkii_nrpn_0,elektron_analog_rytm_mkii,Trig: Note,,,0-based,3,0,36,84,Trig
elektron_analog_rytm_mkii_nrpn_1,elektron_analog_rytm_mkii,Trig: Velocity,,,0-based,3,1,1,127,Trig
elektron_analog_rytm_mkii_nrpn_2,elektron_analog_rytm_mkii,Trig: Length,,,0-based,3,2,0,127,Trig
elektron_analog_rytm_mkii_nrpn_3,elektron_analog_rytm_mkii,Trig: Synth,,0: Off; 1: On,0-based,3,3,0,1,Trig
elektron_analog_rytm_mkii_nrpn_4,elektron_analog_rytm_mkii,Trig: Sample,,0: Off; 1: On,0-based,3,4,0,1,Trig
elektron_analog_rytm_mkii_nrpn_5,elektron_analog_rytm_mkii,Trig: Envelope,,0: Off; 1: On,0-based,3,5,0,1,Trig
elektron_analog_rytm_mkii_nrpn_6,elektron_analog_rytm_mkii,Trig: LFO,,0: Off; 1: On,0-based,3,6,0,1,Trig
elektron_analog_rytm_mkii_nrpn_7,elektron_analog_rytm_mkii,Kit: Track Level,,,0-based,1,100,0,127,Kit
elektron_analog_rytm_mkii_nrpn_8,elektron_analog_rytm_mkii,Kit: Track Mute (seq. mute),,0: Unmute; 1: Mute,0-based,1,101,0,1,Kit
elektron_analog_rytm_mkii_nrpn_9,elektron_analog_rytm_mkii,Kit: Track Solo (seq. mute),,0: Unsolo; 1: Solo,0-based,1,102,0,1,Kit
elektron_analog_rytm_mkii_nrpn_10,elektron_analog_rytm_mkii,Kit: Track Machine Type,,1: BD Classic; 13: BD FM; 21: BD Plastic; 22: BD Silky; 26: BD Sharp; 30: BD Acoustic; 28: SY Dual VCO; 29: SY Chip; 32: SY Raw; 2: SD Hard; 3: SD Classic; 14: SD FM; 23: SD Natural; 31: SD Acoustic; 15: UT Noise; 16: UT Impulse; 27: Disable; 4: RS Hard; 5: RS Hard; 6: CP Classic; 7: BT Classic; 8: XT Classic; 9: CH Classic; 17: CH Metallic; 10: OH Classic; 18: OH Metallic; 24: HH Basic; 33: HH Lab; 11: CY Classic; 19: CY Metallic; 25: CY Ride; 12: CB Classic; 20: CB Metallic,0-based,1,103,1,33,Kit
elektron_analog_rytm_mkii_nrpn_11,elektron_analog_rytm_mkii,Kit: Active Scene,,,0-based,1,104,0,127,Kit
elektron_analog_rytm_mkii_nrpn_12,elektron_analog_rytm_mkii,Performance: Parameter 1,,,0-based,0,0,0,127,Performance
elektron_analog_rytm_mkii_nrpn_13,elektron_analog_rytm_mkii,Performance: Parameter 2,,,0-based,0,1,0,127,Performance
elektron_analog_rytm_mkii_nrpn_14,elektron_analog_rytm_mkii,Performance: Parameter 3,,,0-based,0,2,0,127,Performance
elektron_analog_rytm_mkii_nrpn_15,elektron_analog_rytm_mkii,Performance: Parameter 4,,,0-based,0,3,0,127,Performance
elektron_analog_rytm_mkii_nrpn_16,elektron_analog_rytm_mkii,Performance: Parameter 5,,,0-based,0,4,0,127,Performance
elektron_analog_rytm_mkii_nrpn_17,elektron_analog_rytm_mkii,Performance: Parameter 6,,,0-based,0,5,0,127,Performance
elektron_analog_rytm_mkii_nrpn_18,elektron_analog_rytm_mkii,Performance: Parameter 7,,,0-based,0,6,0,127,Performance
elektron_analog_rytm_mkii_nrpn_19,elektron_analog_rytm_mkii,Performance: Parameter 8,,,0-based,0,7,0,127,Performance
elektron_analog_rytm_mkii_nrpn_20,elektron_analog_rytm_mkii,Performance: Parameter 9,,,0-based,0,8,0,127,Performance
elektron_analog_rytm_mkii_nrpn_21,elektron_analog_rytm_mkii,Performance: Parameter 10,,,0-based,0,9,0,127,Performance
elektron_analog_rytm_mkii_nrpn_22,elektron_analog_rytm_mkii,Performance: Parameter 11,,,0-based,0,10,0,127,Performance
elektron_analog_rytm_mkii_nrpn_23,elektron_analog_rytm_mkii,Performance: Parameter 12,,,0-based,0,11,0,127,Performance
elektron_analog_rytm_mkii_nrpn_24,elektron_analog_rytm_mkii,Sample: Tune,,,Centered,1,8,40,88,Sample
elektron_analog_rytm_mkii_nrpn_25,elektron_analog_rytm_mkii,Sample: Fine Tune,,,Centered,1,9,0,127,Sample
elektron_analog_rytm_mkii_nrpn_26,elektron_analog_rytm_mkii,Sample: Bit Reduction,,,0-based,1,10,0,127,Sample
elektron_analog_rytm_mkii_nrpn_27,elektron_analog_rytm_mkii,Sample: Slot,,0: Off; 1~127: Sample,0-based,1,11,0,127,Sample
elektron_analog_rytm_mkii_nrpn_28,elektron_analog_rytm_mkii,Sample: Start,,,0-based,1,12,0,120,Sample
elektron_analog_rytm_mkii_nrpn_29,elektron_analog_rytm_mkii,Sample: End,,,0-based,1,13,0,120,Sample
elektron_analog_rytm_mkii_nrpn_30,elektron_analog_rytm_mkii,Sample: Loop,,0: Off; 1: On,0-based,1,14,0,1,Sample
elektron_analog_rytm_mkii_nrpn_31,elektron_analog_rytm_mkii,Sample: Level,,,0-based,1,15,0,127,Sample
elektron_analog_rytm_mkii_nrpn_32,elektron_analog_rytm_mkii,Filter: Attack Time,,,0-based,1,16,0,127,Filter
elektron_analog_rytm_mkii_nrpn_33,elektron_analog_rytm_mkii,Filter: Decay Time,,,0-based,1,17,0,127,Filter
elektron_analog_rytm_mkii_nrpn_34,elektron_analog_rytm_mkii,Filter: Sustain Level,,,0-based,1,18,0,127,Filter
elektron_analog_rytm_mkii_nrpn_35,elektron_analog_rytm_mkii,Filter: Release Time,,,0-based,1,19,0,127,Filter
elektron_analog_rytm_mkii_nrpn_36,elektron_analog_rytm_mkii,Filter: Frequency,,,0-based,1,20,0,127,Filter
elektron_analog_rytm_mkii_nrpn_37,elektron_analog_rytm_mkii,Filter: Resonance,,,0-based,1,21,0,127,Filter
elektron_analog_rytm_mkii_nrpn_38,elektron_analog_rytm_mkii,Filter: Type,,0: 2-pole Lowpass; 1: 1-pole Lowpass; 2: Bandpass; 3: 1-pole Highpass; 4: 2-pole Highpass; 5: Bandstop; 6: Peak,0-based,1,22,0,6,Filter
elektron_analog_rytm_mkii_nrpn_39,elektron_analog_rytm_mkii,Filter: Env Depth,,,Centered,1,23,0,127,Filter
elektron_analog_rytm_mkii_nrpn_40,elektron_analog_rytm_mkii,Amp: Attack Time,,,0-based,1,24,0,127,Amp
elektron_analog_rytm_mkii_nrpn_41,elektron_analog_rytm_mkii,Amp: Hold Time,,,0-based,1,25,0,127,Amp
elektron_analog_rytm_mkii_nrpn_42,elektron_analog_rytm_mkii,Amp: Decay Time,,,0-based,1,26,0,127,Amp
elektron_analog_rytm_mkii_nrpn_43,elektron_analog_rytm_mkii,Amp: Overdrive,,,0-based,1,27,0,127,Amp
elektron_analog_rytm_mkii_nrpn_44,elektron_analog_rytm_mkii,Amp: Delay Send,,,0-based,1,28,0,127,Amp
elektron_analog_rytm_mkii_nrpn_45,elektron_analog_rytm_mkii,Amp: Reverb Send,,,0-based,1,29,0,127,Amp
elektron_analog_rytm_mkii_nrpn_46,elektron_analog_rytm_mkii,Amp: Pan,,,Centered,1,30,0,127,Amp
elektron_analog_rytm_mkii_nrpn_47,elektron_analog_rytm_mkii,Amp: Volume,,,0-based,1,31,0,127,Amp
elektron_analog_rytm_mkii_nrpn_48,elektron_analog_rytm_mkii,LFO: Speed,,,0-based,1,32,0,127,LFO
elektron_analog_rytm_mkii_nrpn_49,elektron_analog_rytm_mkii,LFO: Multiplier,,,0-based,1,33,0,23,LFO
elektron_analog_rytm_mkii_nrpn_50,elektron_analog_rytm_mkii,LFO: Fade In/Out,,,0-based,1,34,0,127,LFO
elektron_analog_rytm_mkii_nrpn_51,elektron_analog_rytm_mkii,LFO: Destination,,,0-based,1,35,0,41,LFO
elektron_analog_rytm_mkii_nrpn_52,elektron_analog_rytm_mkii,LFO: Waveform,,0: Triangle; 1: Sine; 2: Square; 3: Sawtooth; 4: Exponential; 5: Ramp; 6: Random,0-based,1,36,0,6,LFO
elektron_analog_rytm_mkii_nrpn_53,elektron_analog_rytm_mkii,LFO: Start Phase,,,0-based,1,37,0,127,LFO
elektron_analog_rytm_mkii_nrpn_54,elektron_analog_rytm_mkii,LFO: Trig Mode,,0: Free; 1: Trig; 2: Hold; 3: One; 4: Half,0-based,1,38,0,4,LFO
elektron_analog_rytm_mkii_nrpn_55,elektron_analog_rytm_mkii,LFO: Depth,,,Centered,1,39,0,127,LFO
elektron_analog_rytm_mkii_nrpn_56,elektron_analog_rytm_mkii,Delay: Time,,,0-based,2,0,0,127,FX: Delay
elektron_analog_rytm_mkii_nrpn_57,elektron_analog_rytm_mkii,Delay: Pingpong,,0: Off; 1: On,0-based,2,1,0,1,FX: Delay
elektron_analog_rytm_mkii_nrpn_58,elektron_analog_rytm_mkii,Delay: Stereo Width,,,Centered,2,2,0,127,FX: Delay
elektron_analog_rytm_mkii_nrpn_59,elektron_analog_rytm_mkii,Delay: Feedback,,,0-based,2,3,0,127,FX: Delay
elektron_analog_rytm_mkii_nrpn_60,elektron_analog_rytm_mkii,Delay: Highpass Filter,,,0-based,2,4,0,127,FX: Delay
elektron_analog_rytm_mkii_nrpn_61,elektron_analog_rytm_mkii,Delay: Lowpass Filter,,,0-based,2,5,0,127,FX: Delay
elektron_analog_rytm_mkii_nrpn_62,elektron_analog_rytm_mkii,Delay: Reverb Send,,,0-based,2,6,0,127,FX: Delay
elektron_analog_rytm_mkii_nrpn_63,elektron_analog_rytm_mkii,Delay: Mix Volume,,,0-based,2,7,0,127,FX: Delay
elektron_analog_rytm_mkii_nrpn_64,elektron_analog_rytm_mkii,Reverb: Predelay,,,0-based,2,8,0,127,FX: Reverb
elektron_analog_rytm_mkii_nrpn_65,elektron_analog_rytm_mkii,Reverb: Decay Time,,,0-based,2,9,0,127,FX: Reverb
elektron_analog_rytm_mkii_nrpn_66,elektron_analog_rytm_mkii,Reverb: Shelving Frequency,,,0-based,2,10,0,127,FX: Reverb
elektron_analog_rytm_mkii_nrpn_67,elektron_analog_rytm_mkii,Reverb: Shelving Gain,,,0-based,2,11,0,127,FX: Reverb
elektron_analog_rytm_mkii_nrpn_68,elektron_analog_rytm_mkii,Reverb: Highpass Filter,,,0-based,2,12,0,127,FX: Reverb
elektron_analog_rytm_mkii_nrpn_69,elektron_analog_rytm_mkii,Reverb: Lowpass Filter,,,0-based,2,13,0,127,FX: Reverb
elektron_analog_rytm_mkii_nrpn_70,elektron_analog_rytm_mkii,Reverb: Mix Volume,,,0-based,2,15,0,127,FX: Reverb
elektron_analog_rytm_mkii_nrpn_71,elektron_analog_rytm_mkii,Distortion: Amount,,,0-based,2,16,0,127,FX: Distortion
elektron_analog_rytm_mkii_nrpn_72,elektron_analog_rytm_mkii,Distortion: Symmetry,,,0-based,2,17,0,127,FX: Distortion
elektron_analog_rytm_mkii_nrpn_73,elektron_analog_rytm_mkii,Distortion: Overdrive,,,0-based,2,18,0,127,FX: Distortion
elektron_analog_rytm_mkii_nrpn_74,elektron_analog_rytm_mkii,Distortion: Delay Dist/Comp Routing,,0: Pre; 1: Post,0-based,2,22,0,1,FX: Distortion
elektron_analog_rytm_mkii_nrpn_75,elektron_analog_rytm_mkii,Distortion: Reverb Dist/Comp Routing,,0: Pre; 1: Post,0-based,2,23,0,1,FX: Distortion
elektron_analog_rytm_mkii_nrpn_76,elektron_analog_rytm_mkii,Compressor: Threshold,,,0-based,2,24,0,127,FX: Compressor
elektron_analog_rytm_mkii_nrpn_77,elektron_analog_rytm_mkii,Compressor: Attack Time,,,0-based,2,25,0,6,FX: Compressor
elektron_analog_rytm_mkii_nrpn_78,elektron_analog_rytm_mkii,Compressor: Release Time,,,0-based,2,26,0,7,FX: Compressor
elektron_analog_rytm_mkii_nrpn_79,elektron_analog_rytm_mkii,Compressor: Makeup Gain,,,0-based,2,27,0,127,FX: Compressor
elektron_analog_rytm_mkii_nrpn_80,elektron_analog_rytm_mkii,Compressor: Ratio,,0: 1:2; 1: 1:4; 2: 1:8; 3: Max,0-based,2,28,0,3,FX: Compressor
elektron_analog_rytm_mkii_nrpn_81,elektron_analog_rytm_mkii,Compressor: Sidechain EQ,,0: Off; 1: LPF; 2: HPF; 3: Hit,0-based,2,29,0,3,FX: Compressor
elektron_analog_rytm_mkii_nrpn_82,elektron_analog_rytm_mkii,Compressor: Dry/Wet Mix,,,0-based,2,30,0,127,FX: Compressor
elektron_analog_rytm_mkii_nrpn_83,elektron_analog_rytm_mkii,Compressor: Output Volume,,,0-based,2,31,0,127,FX: Compressor
elektron_analog_rytm_mkii_nrpn_84,elektron_analog_rytm_mkii,General: Parameter 1,,,0-based,1,0,0,127,Synth: General
elektron_analog_rytm_mkii_nrpn_85,elektron_analog_rytm_mkii,General: Parameter 2,,,0-based,1,1,0,127,Synth: General
elektron_analog_rytm_mkii_nrpn_86,elektron_analog_rytm_mkii,General: Parameter 3,,,0-based,1,2,0,127,Synth: General
elektron_analog_rytm_mkii_nrpn_87,elektron_analog_rytm_mkii,General: Parameter 4,,,0-based,1,3,0,127,Synth: General
elektron_analog_rytm_mkii_nrpn_88,elektron_analog_rytm_mkii,General: Parameter 5,,,0-based,1,4,0,127,Synth: General
elektron_analog_rytm_mkii_nrpn_89,elektron_analog_rytm_mkii,General: Parameter 6,,,0-based,1,5,0,127,Synth: General
elektron_analog_rytm_mkii_nrpn_90,elektron_analog_rytm_mkii,General: Parameter 7,,,0-based,1,6,0,127,Synth: General
elektron_analog_rytm_mkii_nrpn_91,elektron_analog_rytm_mkii,General: Parameter 8,,,0-based,1,7,0,127,Synth: General
elektron_analog_rytm_mkii_nrpn_92,elektron_analog_rytm_mkii,BD Plastic: Tune,,,Centered,1,1,0,127,Synth: BD Plastic
elektron_analog_rytm_mkii_nrpn_93,elektron_analog_rytm_mkii,BD Plastic: Sweep Time,,,0-based,1,4,0,127,Synth: BD Plastic
elektron_analog_rytm_mkii_nrpn_94,elektron_analog_rytm_mkii,BD Plastic: Sweep Depth,,,0-based,1,3,0,127,Synth: BD Plastic
elektron_analog_rytm_mkii_nrpn_95,elektron_analog_rytm_mkii,BD Plastic: Decay Time,,,0-based,1,2,0,127,Synth: BD Plastic
elektron_analog_rytm_mkii_nrpn_96,elektron_analog_rytm_mkii,BD Plastic: Modulation Type,,0: A; 1: B,0-based,1,5,0,1,Synth: BD Plastic
elektron_analog_rytm_mkii_nrpn_97,elektron_analog_rytm_mkii,BD Plastic: Modulation Level,,,0-based,1,7,0,127,Synth: BD Plastic
elektron_analog_rytm_mkii_nrpn_98,elektron_analog_rytm_mkii,BD Plastic: Tick Level,,,0-based,1,6,0,127,Synth: BD Plastic
elektron_analog_rytm_mkii_nrpn_99,elektron_analog_rytm_mkii,BD Plastic: Level,,,0-based,1,0,0,127,Synth: BD Plastic
elektron_analog_rytm_mkii_nrpn_100,elektron_analog_rytm_mkii,BD Sharp: Tune,,,Centered,1,1,0,127,Synth: BD Sharp
elektron_analog_rytm_mkii_nrpn_101,elektron_analog_rytm_mkii,BD Sharp: Sweep Time,,,0-based,1,4,0,127,Synth: BD Sharp
elektron_analog_rytm_mkii_nrpn_102,elektron_analog_rytm_mkii,BD Sharp: Sweep Depth,,,0-based,1,3,0,127,Synth: BD Sharp
elektron_analog_rytm_mkii_nrpn_103,elektron_analog_rytm_mkii,BD Sharp: Decay,,,0-based,1,2,0,127,Synth: BD Sharp
elektron_analog_rytm_mkii_nrpn_104,elektron_analog_rytm_mkii,BD Sharp: Hold Time,,,0-based,1,5,0,127,Synth: BD Sharp
elektron_analog_rytm_mkii_nrpn_105,elektron_analog_rytm_mkii,BD Sharp: Tick Level,,,0-based,1,6,0,127,Synth: BD Sharp
elektron_analog_rytm_mkii_nrpn_106,elektron_analog_rytm_mkii,BD Sharp: Waveform,,0: Sine (reset); 1: Sine (free); 2: Asymmetric Sine (reset); 3: Asymmetric Sine (free); 4: Triangle (reset); 5: Triangle (free); 6: Sinetooth (reset); 7: Sinetooth (free); 8: Sawtooth (reset); 9: Sawtooth (free); 10: Square (reset); 11: Square (free),0-based,1,7,0,11,Synth: BD Sharp
elektron_analog_rytm_mkii_nrpn_107,elektron_analog_rytm_mkii,BD Sharp: Level,,,0-based,1,0,0,127,Synth: BD Sharp
elektron_analog_rytm_mkii_nrpn_108,elektron_analog_rytm_mkii,BD Hard: Tune,,,Centered,1,1,0,127,Synth: BD Hard
elektron_analog_rytm_mkii_nrpn_109,elektron_analog_rytm_mkii,BD Hard: Sweep Depth,,,0-based,1,5,0,127,Synth: BD Hard
elektron_analog_rytm_mkii_nrpn_110,elektron_analog_rytm_mkii,BD Hard: Sweep Time,,,0-based,1,4,0,127,Synth: BD Hard
elektron_analog_rytm_mkii_nrpn_111,elektron_analog_rytm_mkii,BD Hard: Decay,,,0-based,1,2,0,127,Synth: BD Hard
elektron_analog_rytm_mkii_nrpn_112,elektron_analog_rytm_mkii,BD Hard: Waveform,,0: Sine; 1: Asymmetric Sine; 2: Triangle,0-based,1,6,0,2,Synth: BD Hard
elektron_analog_rytm_mkii_nrpn_113,elektron_analog_rytm_mkii,BD Hard: Hold,,,0-based,1,3,0,127,Synth: BD Hard
elektron_analog_rytm_mkii_nrpn_114,elektron_analog_rytm_mkii,BD Hard: Transient Tick,,,0-based,1,7,0,127,Synth: BD Hard
elektron_analog_rytm_mkii_nrpn_115,elektron_analog_rytm_mkii,BD Hard: Level,,,0-based,1,0,0,127,Synth: BD Hard
elektron_analog_rytm_mkii_nrpn_116,elektron_analog_rytm_mkii,BD Classic: Tune,,,Centered,1,1,0,127,Synth: BD Classic
elektron_analog_rytm_mkii_nrpn_117,elektron_analog_rytm_mkii,BD Classic: Sweep Depth,,,0-based,1,5,0,127,Synth: BD Classic
elektron_analog_rytm_mkii_nrpn_118,elektron_analog_rytm_mkii,BD Classic: Sweep Time,,,0-based,1,4,0,127,Synth: BD Classic
elektron_analog_rytm_mkii_nrpn_119,elektron_analog_rytm_mkii,BD Classic: Decay,,,0-based,1,2,0,127,Synth: BD Classic
elektron_analog_rytm_mkii_nrpn_120,elektron_analog_rytm_mkii,BD Classic: Waveform,,0: Sine; 1: Asymmetric Sine; 2: Triangle,0-based,1,6,0,2,Synth: BD Classic
elektron_analog_rytm_mkii_nrpn_121,elektron_analog_rytm_mkii,BD Classic: Hold,,,0-based,1,3,0,127,Synth: BD Classic
elektron_analog_rytm_mkii_nrpn_122,elektron_analog_rytm_mkii,BD Classic: Transient Tick,,,0-based,1,7,0,55,Synth: BD Classic
elektron_analog_rytm_mkii_nrpn_123,elektron_analog_rytm_mkii,BD Classic: Level,,,0-based,1,0,0,127,Synth: BD Classic
elektron_analog_rytm_mkii_nrpn_124,elektron_analog_rytm_mkii,BD FM: Tune,,,Centered,1,1,0,127,Synth: BD FM
elektron_analog_rytm_mkii_nrpn_125,elektron_analog_rytm_mkii,BD FM: Sweep Time,,,0-based,1,4,0,127,Synth: BD FM
elektron_analog_rytm_mkii_nrpn_126,elektron_analog_rytm_mkii,BD FM: FM Decay Time,,,0-based,1,6,0,127,Synth: BD FM
elektron_analog_rytm_mkii_nrpn_127,elektron_analog_rytm_mkii,BD FM: Decay,,,0-based,1,2,0,127,Synth: BD FM
elektron_analog_rytm_mkii_nrpn_128,elektron_analog_rytm_mkii,BD FM: FM Tune,,,0-based,1,7,0,127,Synth: BD FM
elektron_analog_rytm_mkii_nrpn_129,elektron_analog_rytm_mkii,BD FM: FM Sweep Time,,,0-based,1,5,0,127,Synth: BD FM
elektron_analog_rytm_mkii_nrpn_130,elektron_analog_rytm_mkii,BD FM: FM Amount,,,0-based,1,3,0,127,Synth: BD FM
elektron_analog_rytm_mkii_nrpn_131,elektron_analog_rytm_mkii,BD FM: Level,,,0-based,1,0,0,127,Synth: BD FM
elektron_analog_rytm_mkii_nrpn_132,elektron_analog_rytm_mkii,BD Silky: Tune,,,Centered,1,1,0,127,Synth: BD Silky
elektron_analog_rytm_mkii_nrpn_133,elektron_analog_rytm_mkii,BD Silky: Sweep Time,,,0-based,1,4,0,127,Synth: BD Silky
elektron_analog_rytm_mkii_nrpn_134,elektron_analog_rytm_mkii,BD Silky: Sweep Depth,,,0-based,1,3,0,127,Synth: BD Silky
elektron_analog_rytm_mkii_nrpn_135,elektron_analog_rytm_mkii,BD Silky: Decay,,,0-based,1,2,0,127,Synth: BD Silky
elektron_analog_rytm_mkii_nrpn_136,elektron_analog_rytm_mkii,BD Silky: Hold,,,0-based,1,5,0,127,Synth: BD Silky
elektron_analog_rytm_mkii_nrpn_137,elektron_analog_rytm_mkii,BD Silky: Dust Level,,,0-based,1,7,0,127,Synth: BD Silky
elektron_analog_rytm_mkii_nrpn_138,elektron_analog_rytm_mkii,BD Silky: VCO Click,,,0-based,1,6,0,127,Synth: BD Silky
elektron_analog_rytm_mkii_nrpn_139,elektron_analog_rytm_mkii,BD Silky: Level,,,0-based,1,0,0,127,Synth: BD Silky
elektron_analog_rytm_mkii_nrpn_140,elektron_analog_rytm_mkii,BD Acoustic: Tune,,,Centered,1,1,0,127,Synth: BD Acoustic
elektron_analog_rytm_mkii_nrpn_141,elektron_analog_rytm_mkii,BD Acoustic: Sweep Time,,,0-based,1,4,0,127,Synth: BD Acoustic
elektron_analog_rytm_mkii_nrpn_142,elektron_analog_rytm_mkii,BD Acoustic: Sweep Depth,,,0-based,1,3,0,127,Synth: BD Acoustic
elektron_analog_rytm_mkii_nrpn_143,elektron_analog_rytm_mkii,BD Acoustic: Decay,,,0-based,1,2,0,127,Synth: BD Acoustic
elektron_analog_rytm_mkii_nrpn_144,elektron_analog_rytm_mkii,BD Acoustic: Hold Time,,,0-based,1,5,0,127,Synth: BD Acoustic
elektron_analog_rytm_mkii_nrpn_145,elektron_analog_rytm_mkii,BD Acoustic: Impact,,,0-based,1,6,0,127,Synth: BD Acoustic
elektron_analog_rytm_mkii_nrpn_146,elektron_analog_rytm_mkii,BD Acoustic: Waveform,,0: Sine (reset); 1: Sine (free); 2: Asymmetric Sine (reset); 3: Asymmetric Sine (free); 4: Triangle (reset); 5: Triangle (free); 6: Sinetooth (reset); 7: Sinetooth (free); 8: Sawtooth (reset); 9: Sawtooth (free); 10: Square (reset); 11: Square (free),0-based,1,7,0,11,Synth: BD Acoustic
elektron_analog_rytm_mkii_nrpn_147,elektron_analog_rytm_mkii,BD Acoustic: Level,,,0-based,1,0,0,127,Synth: BD Acoustic
elektron_analog_rytm_mkii_nrpn_148,elektron_analog_rytm_mkii,SD Natural: Tune,,,Centered,1,1,0,127,Synth: SD Natural
elektron_analog_rytm_mkii_nrpn_149,elektron_analog_rytm_mkii,SD Natural: Noise Decay,,,0-based,1,3,0,127,Synth: SD Natural
elektron_analog_rytm_mkii_nrpn_150,elektron_analog_rytm_mkii,SD Natural: Noise Balance,,,0-based,1,5,0,127,Synth: SD Natural
elektron_analog_rytm_mkii_nrpn_151,elektron_analog_rytm_mkii,SD Natural: Body Decay,,,0-based,1,2,0,127,Synth: SD Natural
elektron_analog_rytm_mkii_nrpn_152,elektron_analog_rytm_mkii,SD Natural: Noise HPF,,,0-based,1,7,0,127,Synth: SD Natural
elektron_analog_rytm_mkii_nrpn_153,elektron_analog_rytm_mkii,SD Natural: Noise LPF,,,0-based,1,4,0,127,Synth: SD Natural
elektron_analog_rytm_mkii_nrpn_154,elektron_analog_rytm_mkii,SD Natural: Noise Resonance,,,0-based,1,6,0,127,Synth: SD Natural
elektron_analog_rytm_mkii_nrpn_155,elektron_analog_rytm_mkii,SD Natural: Level,,,0-based,1,0,0,127,Synth: SD Natural
elektron_analog_rytm_mkii_nrpn_156,elektron_analog_rytm_mkii,SD Hard: Tune,,,Centered,1,1,0,127,Synth: SD Hard
elektron_analog_rytm_mkii_nrpn_157,elektron_analog_rytm_mkii,SD Hard: Sweep Time,,,0-based,1,7,0,127,Synth: SD Hard
elektron_analog_rytm_mkii_nrpn_158,elektron_analog_rytm_mkii,SD Hard: Sweep Depth,,,0-based,1,3,0,127,Synth: SD Hard
elektron_analog_rytm_mkii_nrpn_159,elektron_analog_rytm_mkii,SD Hard: Decay,,,0-based,1,2,0,127,Synth: SD Hard
elektron_analog_rytm_mkii_nrpn_160,elektron_analog_rytm_mkii,SD Hard: Tick Level,,,0-based,1,4,0,127,Synth: SD Hard
elektron_analog_rytm_mkii_nrpn_161,elektron_analog_rytm_mkii,SD Hard: Noise Decay,,,0-based,1,5,0,127,Synth: SD Hard
elektron_analog_rytm_mkii_nrpn_162,elektron_analog_rytm_mkii,SD Hard: Noise Level,,,0-based,1,6,0,127,Synth: SD Hard
elektron_analog_rytm_mkii_nrpn_163,elektron_analog_rytm_mkii,SD Hard: Level,,,0-based,1,0,0,127,Synth: SD Hard
elektron_analog_rytm_mkii_nrpn_164,elektron_analog_rytm_mkii,SD Classic: Tune,,,Centered,1,1,0,127,Synth: SD Classic
elektron_analog_rytm_mkii_nrpn_165,elektron_analog_rytm_mkii,SD Classic: Detune,,,0-based,1,3,0,127,Synth: SD Classic
elektron_analog_rytm_mkii_nrpn_166,elektron_analog_rytm_mkii,SD Classic: Osc Balance,,,0-based,1,7,0,127,Synth: SD Classic
elektron_analog_rytm_mkii_nrpn_167,elektron_analog_rytm_mkii,SD Classic: Decay,,,0-based,1,2,0,127,Synth: SD Classic
elektron_analog_rytm_mkii_nrpn_168,elektron_analog_rytm_mkii,SD Classic: Snap Amount,,,0-based,1,4,0,127,Synth: SD Classic
elektron_analog_rytm_mkii_nrpn_169,elektron_analog_rytm_mkii,SD Classic: Noise Decay,,,0-based,1,5,0,127,Synth: SD Classic
elektron_analog_rytm_mkii_nrpn_170,elektron_analog_rytm_mkii,SD Classic: Noise Level,,,0-based,1,6,0,127,Synth: SD Classic
elektron_analog_rytm_mkii_nrpn_171,elektron_analog_rytm_mkii,SD Classic: Level,,,0-based,1,0,0,127,Synth: SD Classic
elektron_analog_rytm_mkii_nrpn_172,elektron_analog_rytm_mkii,SD FM: Tune,,,Centered,1,1,0,127,Synth: SD FM
elektron_analog_rytm_mkii_nrpn_173,elektron_analog_rytm_mkii,SD FM: FM Tune,,,Centered,1,3,0,127,Synth: SD FM
elektron_analog_rytm_mkii_nrpn_174,elektron_analog_rytm_mkii,SD FM: FM Decay Time,,,0-based,1,4,0,127,Synth: SD FM
elektron_analog_rytm_mkii_nrpn_175,elektron_analog_rytm_mkii,SD FM: Decay,,,0-based,1,2,0,127,Synth: SD FM
elektron_analog_rytm_mkii_nrpn_176,elektron_analog_rytm_mkii,SD FM: FM Amount,,,0-based,1,7,0,127,Synth: SD FM
elektron_analog_rytm_mkii_nrpn_177,elektron_analog_rytm_mkii,SD FM: Noise Decay,,,0-based,1,5,0,127,Synth: SD FM
elektron_analog_rytm_mkii_nrpn_178,elektron_analog_rytm_mkii,SD FM: Noise Level,,,0-based,1,6,0,127,Synth: SD FM
elektron_analog_rytm_mkii_nrpn_179,elektron_analog_rytm_mkii,SD FM: Level,,,0-based,1,0,0,127,Synth: SD FM
elektron_analog_rytm_mkii_nrpn_180,elektron_analog_rytm_mkii,SD Acoustic: Tune,,,Centered,1,1,0,127,Synth: SD Acoustic
elektron_analog_rytm_mkii_nrpn_181,elektron_analog_rytm_mkii,SD Acoustic: Noise Decay,,,0-based,1,3,0,127,Synth: SD Acoustic
elektron_analog_rytm_mkii_nrpn_182,elektron_analog_rytm_mkii,SD Acoustic: Noise Level,,,0-based,1,5,0,127,Synth: SD Acoustic
elektron_analog_rytm_mkii_nrpn_183,elektron_analog_rytm_mkii,SD Acoustic: Body Decay,,,0-based,1,2,0,127,Synth: SD Acoustic
elektron_analog_rytm_mkii_nrpn_184,elektron_analog_rytm_mkii,SD Acoustic: Hold Time,,,0-based,1,4,0,127,Synth: SD Acoustic
elektron_analog_rytm_mkii_nrpn_185,elektron_analog_rytm_mkii,SD Acoustic: Impact,,,0-based,1,6,0,127,Synth: SD Acoustic
elektron_analog_rytm_mkii_nrpn_186,elektron_analog_rytm_mkii,SD Acoustic: Sweep Depth,,,0-based,1,7,0,127,Synth: SD Acoustic
elektron_analog_rytm_mkii_nrpn_187,elektron_analog_rytm_mkii,SD Acoustic: Level,,,0-based,1,0,0,127,Synth: SD Acoustic
elektron_analog_rytm_mkii_nrpn_188,elektron_analog_rytm_mkii,RS Hard: Tune,,,Centered,1,1,0,127,Synth: RS Hard
elektron_analog_rytm_mkii_nrpn_189,elektron_analog_rytm_mkii,RS Hard: Sweep Time,,,0-based,1,7,0,127,Synth: RS Hard
elektron_analog_rytm_mkii_nrpn_190,elektron_analog_rytm_mkii,RS Hard: Sweep Depth,,,0-based,1,3,0,127,Synth: RS Hard
elektron_analog_rytm_mkii_nrpn_191,elektron_analog_rytm_mkii,RS Hard: Decay,,,0-based,1,2,0,127,Synth: RS Hard
elektron_analog_rytm_mkii_nrpn_192,elektron_analog_rytm_mkii,RS Hard: Symmetry,,,0-based,1,6,0,127,Synth: RS Hard
elektron_analog_rytm_mkii_nrpn_193,elektron_analog_rytm_mkii,RS Hard: Tick Level,,,0-based,1,4,0,127,Synth: RS Hard
elektron_analog_rytm_mkii_nrpn_194,elektron_analog_rytm_mkii,RS Hard: Noise Level,,,0-based,1,5,0,127,Synth: RS Hard
elektron_analog_rytm_mkii_nrpn_195,elektron_analog_rytm_mkii,RS Hard: Level,,,0-based,1,0,0,127,Synth: RS Hard
elektron_analog_rytm_mkii_nrpn_196,elektron_analog_rytm_mkii,RS Classic: Tune Osc 1,,,Centered,1,1,0,127,Synth: RS Classic
elektron_analog_rytm_mkii_nrpn_197,elektron_analog_rytm_mkii,RS Classic: Tune Osc 2,,,Centered,1,4,0,127,Synth: RS Classic
elektron_analog_rytm_mkii_nrpn_198,elektron_analog_rytm_mkii,RS Classic: Osc Balance,,,Centered,1,3,0,127,Synth: RS Classic
elektron_analog_rytm_mkii_nrpn_199,elektron_analog_rytm_mkii,RS Classic: Decay,,,0-based,1,2,0,127,Synth: RS Classic
elektron_analog_rytm_mkii_nrpn_200,elektron_analog_rytm_mkii,RS Classic: Symmetry,,,Centered,1,5,0,127,Synth: RS Classic
elektron_analog_rytm_mkii_nrpn_201,elektron_analog_rytm_mkii,RS Classic: Tick Level,,,0-based,1,7,0,127,Synth: RS Classic
elektron_analog_rytm_mkii_nrpn_202,elektron_analog_rytm_mkii,RS Classic: Noise Level,,,0-based,1,6,0,127,Synth: RS Classic
elektron_analog_rytm_mkii_nrpn_203,elektron_analog_rytm_mkii,RS Classic: Level,,,0-based,1,0,0,127,Synth: RS Classic
elektron_analog_rytm_mkii_nrpn_204,elektron_analog_rytm_mkii,CP Classic: Clap Rate,,,0-based,1,4,0,127,Synth: CP Classic
elektron_analog_rytm_mkii_nrpn_205,elektron_analog_rytm_mkii,CP Classic: Clap Number,,,0-based,1,3,0,127,Synth: CP Classic
elektron_analog_rytm_mkii_nrpn_206,elektron_analog_rytm_mkii,CP Classic: Random Claps,,,0-based,1,6,0,127,Synth: CP Classic
elektron_analog_rytm_mkii_nrpn_207,elektron_analog_rytm_mkii,CP Classic: Clap Decay,,,0-based,1,7,0,127,Synth: CP Classic
elektron_analog_rytm_mkii_nrpn_208,elektron_analog_rytm_mkii,CP Classic: Noise Tone,,,0-based,1,1,0,127,Synth: CP Classic
elektron_analog_rytm_mkii_nrpn_209,elektron_analog_rytm_mkii,CP Classic: Noise Decay,,,0-based,1,2,0,127,Synth: CP Classic
elektron_analog_rytm_mkii_nrpn_210,elektron_analog_rytm_mkii,CP Classic: Noise Level,,,0-based,1,5,0,127,Synth: CP Classic
elektron_analog_rytm_mkii_nrpn_211,elektron_analog_rytm_mkii,CP Classic: Level,,,0-based,1,0,0,127,Synth: CP Classic
elektron_analog_rytm_mkii_nrpn_212,elektron_analog_rytm_mkii,SY Raw: Tune,,,Centered,1,1,0,127,Synth: SY Raw
elektron_analog_rytm_mkii_nrpn_213,elektron_analog_rytm_mkii,SY Raw: Detune,,,Centered,1,4,40,88,Synth: SY Raw
elektron_analog_rytm_mkii_nrpn_214,elektron_analog_rytm_mkii,SY Raw: Balance,,,Centered,1,7,0,127,Synth: SY Raw
elektron_analog_rytm_mkii_nrpn_215,elektron_analog_rytm_mkii,SY Raw: Osc 2 Decay,,0~126: Time; 127: Infinite,0-based,1,2,0,127,Synth: SY Raw
elektron_analog_rytm_mkii_nrpn_216,elektron_analog_rytm_mkii,SY Raw: Osc 1 Wave,,0: Sine; 1: Asymetric Sine; 2: Triangle; 3: Sinesaw; 4: Assymetric Saw; 5: Saw; 6: Ring Modulator,0-based,1,5,0,6,Synth: SY Raw
elektron_analog_rytm_mkii_nrpn_217,elektron_analog_rytm_mkii,SY Raw: Osc 2 Wave,,0: Sine; 1: Sinesaw,0-based,1,6,0,1,Synth: SY Raw
elektron_analog_rytm_mkii_nrpn_218,elektron_analog_rytm_mkii,SY Raw: Noise Level,,,0-based,1,3,0,127,Synth: SY Raw
elektron_analog_rytm_mkii_nrpn_219,elektron_analog_rytm_mkii,SY Raw: Level,,,0-based,1,0,0,127,Synth: SY Raw
elektron_analog_rytm_mkii_nrpn_220,elektron_analog_rytm_mkii,BT Classic: Tune,,,Centered,1,1,0,127,Synth: BT Classic
elektron_analog_rytm_mkii_nrpn_221,elektron_analog_rytm_mkii,BT Classic: Decay,,,0-based,1,2,0,127,Synth: BT Classic
elektron_analog_rytm_mkii_nrpn_222,elektron_analog_rytm_mkii,BT Classic: Snap,,,0-based,1,5,0,3,Synth: BT Classic
elektron_analog_rytm_mkii_nrpn_223,elektron_analog_rytm_mkii,BT Classic: Noise Level,,,0-based,1,4,0,127,Synth: BT Classic
elektron_analog_rytm_mkii_nrpn_224,elektron_analog_rytm_mkii,BT Classic: Level,,,0-based,1,0,0,127,Synth: BT Classic
elektron_analog_rytm_mkii_nrpn_225,elektron_analog_rytm_mkii,XT classic: Tune,,,Centered,1,1,0,127,Synth: XT classic
elektron_analog_rytm_mkii_nrpn_226,elektron_analog_rytm_mkii,XT classic: Sweep Time,,,0-based,1,4,0,127,Synth: XT Classic
elektron_analog_rytm_mkii_nrpn_227,elektron_analog_rytm_mkii,XT classic: Sweep Depth,,,0-based,1,3,0,127,Synth: XT Classic
elektron_analog_rytm_mkii_nrpn_228,elektron_analog_rytm_mkii,XT classic: Decay,,,0-based,1,2,0,127,Synth: XT Classic
elektron_analog_rytm_mkii_nrpn_229,elektron_analog_rytm_mkii,XT classic: Noise Tone,,,Centered,1,7,0,127,Synth: XT Classic
elektron_analog_rytm_mkii_nrpn_230,elektron_analog_rytm_mkii,XT classic: Noise Decay,,,0-based,1,5,0,127,Synth: XT Classic
elektron_analog_rytm_mkii_nrpn_231,elektron_analog_rytm_mkii,XT classic: Noise Level,,,0-based,1,6,0,127,Synth: XT Classic
elektron_analog_rytm_mkii_nrpn_232,elektron_analog_rytm_mkii,XT classic: Level,,,0-based,1,0,0,127,Synth: XT Classic
elektron_analog_rytm_mkii_nrpn_233,elektron_analog_rytm_mkii,CH Classic: Tune,,,Centered,1,1,0,127,Synth: CH Classic
elektron_analog_rytm_mkii_nrpn_234,elektron_analog_rytm_mkii,CH Classic: Decay,,,0-based,1,2,0,127,Synth: CH Classic
elektron_analog_rytm_mkii_nrpn_235,elektron_analog_rytm_mkii,CH Classic: Color,,,0-based,1,3,0,127,Synth: CH Classic
elektron_analog_rytm_mkii_nrpn_236,elektron_analog_rytm_mkii,CH Classic: Level,,,0-based,1,0,0,127,Synth: CH Classic
elektron_analog_rytm_mkii_nrpn_237,elektron_analog_rytm_mkii,CH Metallic: Tune,,,Centered,1,1,0,127,Synth: CH Metallic
elektron_analog_rytm_mkii_nrpn_238,elektron_analog_rytm_mkii,CH Metallic: Decay Time,,,0-based,1,2,0,127,Synth: CH Metallic
elektron_analog_rytm_mkii_nrpn_239,elektron_analog_rytm_mkii,CH Metallic: Level,,,0-based,1,0,0,127,Synth: CH Metallic
elektron_analog_rytm_mkii_nrpn_240,elektron_analog_rytm_mkii,OH Classic: Tune,,,Centered,1,1,0,127,Synth: OH Classic
elektron_analog_rytm_mkii_nrpn_241,elektron_analog_rytm_mkii,OH Classic: Decay,,,0-based,1,2,0,127,Synth: OH Classic
elektron_analog_rytm_mkii_nrpn_242,elektron_analog_rytm_mkii,OH Classic: Noise Color,,,Centered,1,3,0,127,Synth: OH Classic
elektron_analog_rytm_mkii_nrpn_243,elektron_analog_rytm_mkii,OH Classic: Level,,,0-based,1,0,0,127,Synth: OH Classic
elektron_analog_rytm_mkii_nrpn_244,elektron_analog_rytm_mkii,OH Metallic: Tune,,,Centered,1,1,0,127,Synth: OH Metallic
elektron_analog_rytm_mkii_nrpn_245,elektron_analog_rytm_mkii,OH Metallic: Decay Time,,,0-based,1,2,0,127,Synth: OH Metallic
elektron_analog_rytm_mkii_nrpn_246,elektron_analog_rytm_mkii,OH Metallic: Level,,,0-based,1,0,0,127,Synth: OH Metallic
elektron_analog_rytm_mkii_nrpn_247,elektron_analog_rytm_mkii,HH Basic: Tune,,,Centered,1,1,0,127,Synth: HH Basic
elektron_analog_rytm_mkii_nrpn_248,elektron_analog_rytm_mkii,HH Basic: Tone,,,Centered,1,3,0,127,Synth: HH Basic
elektron_analog_rytm_mkii_nrpn_249,elektron_analog_rytm_mkii,HH Basic: Transient Decay,,,0-based,1,4,0,127,Synth: HH Basic
elektron_analog_rytm_mkii_nrpn_250,elektron_analog_rytm_mkii,HH Basic: Decay,,,0-based,1,2,0,127,Synth: HH Basic
elektron_analog_rytm_mkii_nrpn_251,elektron_analog_rytm_mkii,HH Basic: Osc Reset,,0: Off; 1: On,0-based,1,5,0,1,Synth: HH Basic
elektron_analog_rytm_mkii_nrpn_252,elektron_analog_rytm_mkii,HH Basic: Level,,,0-based,1,0,0,127,Synth: HH Basic
elektron_analog_rytm_mkii_nrpn_253,elektron_analog_rytm_mkii,HH Lab: Tune 1,,,Centered,1,1,0,127,Synth: HH Lab
elektron_analog_rytm_mkii_nrpn_254,elektron_analog_rytm_mkii,HH Lab: Decay,,,0-based,1,2,0,127,Synth: HH Lab
elektron_analog_rytm_mkii_nrpn_255,elektron_analog_rytm_mkii,HH Lab: Tune 2,,,Centered,1,3,0,127,Synth: HH Lab
elektron_analog_rytm_mkii_nrpn_256,elektron_analog_rytm_mkii,HH Lab: Tune 3,,,Centered,1,4,0,127,Synth: HH Lab
elektron_analog_rytm_mkii_nrpn_257,elektron_analog_rytm_mkii,HH Lab: Tune 4,,,Centered,1,5,0,127,Synth: HH Lab
elektron_analog_rytm_mkii_nrpn_258,elektron_analog_rytm_mkii,HH Lab: Tune 5,,,Centered,1,6,0,127,Synth: HH Lab
elektron_analog_rytm_mkii_nrpn_259,elektron_analog_rytm_mkii,HH Lab: Tune 6,,,Centered,1,7,0,127,Synth: HH Lab
elektron_analog_rytm_mkii_nrpn_260,elektron_analog_rytm_mkii,HH Lab: Level,,,0-based,1,0,0,127,Synth: HH Lab
elektron_analog_rytm_mkii_nrpn_261,elektron_analog_rytm_mkii,CY Metallic: Tune,,,Centered,1,1,0,127,Synth: CY Metallic
elektron_analog_rytm_mkii_nrpn_262,elektron_analog_rytm_mkii,CY Metallic: Tone,,,Centered,1,3,0,127,Synth: CY Metallic
elektron_analog_rytm_mkii_nrpn_263,elektron_analog_rytm_mkii,CY Metallic: Transient Decay,,,0-based,1,4,0,127,Synth: CY Metallic
elektron_analog_rytm_mkii_nrpn_264,elektron_analog_rytm_mkii,CY Metallic: Decay,,,0-based,1,2,0,127,Synth: CY Metallic
elektron_analog_rytm_mkii_nrpn_265,elektron_analog_rytm_mkii,CY Metallic: Level,,,0-based,1,0,0,127,Synth: CY Metallic
elektron_analog_rytm_mkii_nrpn_266,elektron_analog_rytm_mkii,CY Classic: Tune,,,Centered,1,1,0,127,Synth: CY Classic
elektron_analog_rytm_mkii_nrpn_267,elektron_analog_rytm_mkii,CY Classic: Tone,,,Centered,1,4,0,127,Synth: CY Classic
elektron_analog_rytm_mkii_nrpn_268,elektron_analog_rytm_mkii,CY Classic: Decay,,,0-based,1,2,0,127,Synth: CY Classic
elektron_analog_rytm_mkii_nrpn_269,elektron_analog_rytm_mkii,CY Classic: Color,,,Centered,1,3,0,127,Synth: CY Classic
elektron_analog_rytm_mkii_nrpn_270,elektron_analog_rytm_mkii,CY Classic: Level,,,0-based,1,0,0,127,Synth: CY Classic
elektron_analog_rytm_mkii_nrpn_271,elektron_analog_rytm_mkii,CY Ride: Tune,,,Centered,1,1,0,127,Synth: CY Ride
elektron_analog_rytm_mkii_nrpn_272,elektron_analog_rytm_mkii,CY Ride: Cymbal Type,,0: A; 1: B; 2: C; 3: D,0-based,1,4,0,3,Synth: CY Ride
elektron_analog_rytm_mkii_nrpn_273,elektron_analog_rytm_mkii,CY Ride: Hit Decay,,,0-based,1,3,0,127,Synth: CY Ride
elektron_analog_rytm_mkii_nrpn_274,elektron_analog_rytm_mkii,CY Ride: Tail Decay,,,0-based,1,2,0,127,Synth: CY Ride
elektron_analog_rytm_mkii_nrpn_275,elektron_analog_rytm_mkii,CY Ride: Component 1,,,0-based,1,5,0,127,Synth: CY Ride
elektron_analog_rytm_mkii_nrpn_276,elektron_analog_rytm_mkii,CY Ride: Component 2,,,0-based,1,6,0,127,Synth: CY Ride
elektron_analog_rytm_mkii_nrpn_277,elektron_analog_rytm_mkii,CY Ride: Component 3,,,0-based,1,7,0,127,Synth: CY Ride
elektron_analog_rytm_mkii_nrpn_278,elektron_analog_rytm_mkii,CY Ride: Level,,,0-based,1,0,0,127,Synth: CY Ride
elektron_analog_rytm_mkii_nrpn_279,elektron_analog_rytm_mkii,CB Classic: Tune,,,Centered,1,1,0,127,Synth: CB Classic
elektron_analog_rytm_mkii_nrpn_280,elektron_analog_rytm_mkii,CB Classic: Decay Time,,,0-based,1,2,0,127,Synth: CB Classic
elektron_analog_rytm_mkii_nrpn_281,elektron_analog_rytm_mkii,CB Classic: Detune,,,0-based,1,3,0,127,Synth: CB Classic
elektron_analog_rytm_mkii_nrpn_282,elektron_analog_rytm_mkii,CB Classic: Level,,,0-based,1,0,0,127,Synth: CB Classic
elektron_analog_rytm_mkii_nrpn_283,elektron_analog_rytm_mkii,CB Metallic: Tune,,,Centered,1,1,0,127,Synth: CB Metallic
elektron_analog_rytm_mkii_nrpn_284,elektron_analog_rytm_mkii,CB Metallic: Decay Time,,,0-based,1,2,0,127,Synth: CB Metallic
elektron_analog_rytm_mkii_nrpn_285,elektron_analog_rytm_mkii,CB Metallic: Detune,,,0-based,1,3,0,127,Synth: CB Metallic
elektron_analog_rytm_mkii_nrpn_286,elektron_analog_rytm_mkii,CB Metallic: Level,,,0-based,1,0,0,127,Synth: CB Metallic
elektron_analog_rytm_mkii_nrpn_287,elektron_analog_rytm_mkii,UT Noise: LP Frequency,,,0-based,1,1,0,127,Synth: UT Noise
elektron_analog_rytm_mkii_nrpn_288,elektron_analog_rytm_mkii,UT Noise: LP Resonance,,,0-based,1,5,0,127,Synth: UT Noise
elektron_analog_rytm_mkii_nrpn_289,elektron_analog_rytm_mkii,UT Noise: Attack,,,0-based,1,7,0,127,Synth: UT Noise
elektron_analog_rytm_mkii_nrpn_290,elektron_analog_rytm_mkii,UT Noise: Decay,,0~126: Time; 127: Infinite,0-based,1,2,0,127,Synth: UT Noise
elektron_analog_rytm_mkii_nrpn_291,elektron_analog_rytm_mkii,UT Noise: HP Frequency,,,0-based,1,6,0,127,Synth: UT Noise
elektron_analog_rytm_mkii_nrpn_292,elektron_analog_rytm_mkii,UT Noise: Sweep Depth,,,Centered,1,3,0,127,Synth: UT Noise
elektron_analog_rytm_mkii_nrpn_293,elektron_analog_rytm_mkii,UT Noise: Sweep Time,,,0-based,1,4,0,127,Synth: UT Noise
elektron_analog_rytm_mkii_nrpn_294,elektron_analog_rytm_mkii,UT Noise: Level,,,0-based,1,0,0,127,Synth: UT Noise
elektron_analog_rytm_mkii_nrpn_295,elektron_analog_rytm_mkii,UT Impulse: Attack,,,0-based,1,1,0,127,Synth: UT Impulse
elektron_analog_rytm_mkii_nrpn_296,elektron_analog_rytm_mkii,UT Impulse: Decay,,,0-based,1,2,0,127,Synth: UT Impulse
elektron_analog_rytm_mkii_nrpn_297,elektron_analog_rytm_mkii,UT Impulse: Polarity,,0: Positive; 1: Negative,0-based,1,3,0,1,Synth: UT Impulse
elektron_analog_rytm_mkii_nrpn_298,elektron_analog_rytm_mkii,UT Impulse: Level,,,0-based,1,0,0,127,Synth: UT Impulse
elektron_digitakt_nrpn_0,elektron_digitakt,Solo,,,0-based,1,102,0,127,Track parameters
elektron_digitakt_nrpn_1,elektron_digitakt,Global mute,,,0-based,1,101,0,127,Track parameters
elektron_digitakt_nrpn_2,elektron_digitakt,Pattern Mute,,,0-based,1,104,0,127,Track parameters
elektron_digitakt_nrpn_3,elektron_digitakt,Track level,,,0-based,1,100,0,127,Track parameters
elektron_digitakt_nrpn_4,elektron_digitakt,Trig note,,,0-based,3,0,0,127,Trig parameters
elektron_digitakt_nrpn_5,elektron_digitakt,Trig velocity,,,0-based,3,1,0,127,Trig parameters
elektron_digitakt_nrpn_6,elektron_digitakt,Trig length,,,0-based,3,2,0,127,Trig parameters
elektron_digitakt_nrpn_7,elektron_digitakt,Source tune,,,0-based,1,0,0,127,Source parameters
elektron_digitakt_nrpn_8,elektron_digitakt,Source play mode,,,0-based,1,1,0,127,Source parameters
elektron_digitakt_nrpn_9,elektron_digitakt,Source bit reduction,,,0-based,1,2,0,127,Source parameters
elektron_digitakt_nrpn_10,elektron_digitakt,Source sample slot,,,0-based,1,3,0,127,Source parameters
elektron_digitakt_nrpn_11,elektron_digitakt,Source start,,,0-based,1,4,0,127,Source parameters
elektron_digitakt_nrpn_12,elektron_digitakt,Source length,,,0-based,1,5,0,127,Source parameters
elektron_digitakt_nrpn_13,elektron_digitakt,Source loop position,,,0-based,1,6,0,127,Source parameters
elektron_digitakt_nrpn_14,elektron_digitakt,Source sample level,,,0-based,1,7,0,127,Source parameters
elektron_digitakt_nrpn_15,elektron_digitakt,Filter frequency,,,0-based,1,20,0,127,Filter parameters
elektron_digitakt_nrpn_16,elektron_digitakt,Resonance,,,0-based,1,21,0,127,Filter parameters
elektron_digitakt_nrpn_17,elektron_digitakt,Filter type,,,0-based,1,22,0,127,Filter parameters
elektron_digitakt_nrpn_18,elektron_digitakt,Filter attack time,,,0-based,1,16,0,127,Filter parameters
elektron_digitakt_nrpn_19,elektron_digitakt,Filter decay time,,,0-based,1,17,0,127,Filter parameters
elektron_digitakt_nrpn_20,elektron_digitakt,Filter sustain level,,,0-based,1,18,0,127,Filter parameters
elektron_digitakt_nrpn_21,elektron_digitakt,Filter release time,,,0-based,1,19,0,127,Filter parameters
elektron_digitakt_nrpn_22,elektron_digitakt,Filter env depth,,,0-based,1,23,0,127,Filter parameters
elektron_digitakt_nrpn_23,elektron_digitakt,Amp attack time,,,0-based,1,24,0,127,Amp parameters
elektron_digitakt_nrpn_24,elektron_digitakt,Amp hold time,,,0-based,1,25,0,127,Amp parameters
elektron_digitakt_nrpn_25,elektron_digitakt,Amp decay time,,,0-based,1,26,0,127,Amp parameters
elektron_digitakt_nrpn_26,elektron_digitakt,Amp overdrive,,,0-based,1,27,0,127,Amp parameters
elektron_digitakt_nrpn_27,elektron_digitakt,Amp delay send,,,0-based,1,28,0,127,Amp parameters
elektron_digitakt_nrpn_28,elektron_digitakt,Amp reverb send,,,0-based,1,29,0,127,Amp parameters
elektron_digitakt_nrpn_29,elektron_digitakt,Amp pan,,,0-based,1,30,0,127,Amp parameters
elektron_digitakt_nrpn_30,elektron_digitakt,Amp volume,,,0-based,1,31,0,127,Amp parameters
elektron_digitakt_nrpn_31,elektron_digitakt,LFO speed,,,0-based,1,32,0,127,LFO parameters
elektron_digitakt_nrpn_32,elektron_digitakt,LFO multiplier,,,0-based,1,33,0,127,LFO parameters
elektron_digitakt_nrpn_33,elektron_digitakt,LFO fade in/out,,,0-based,1,34,0,127,LFO parameters
elektron_digitakt_nrpn_34,elektron_digitakt,LFO destination,,,0-based,1,35,0,127,LFO parameters
elektron_digitakt_nrpn_35,elektron_digitakt,LFO waveform,,,0-based,1,36,0,127,LFO parameters
elektron_digitakt_nrpn_36,elektron_digitakt,LFO start phase,,,0-based,1,37,0,127,LFO parameters
elektron_digitakt_nrpn_37,elektron_digitakt,LFO trig mode,,,0-based,1,38,0,127,LFO parameters
elektron_digitakt_nrpn_38,elektron_digitakt,LFO depth,,,0-based,1,39,0,127,LFO parameters
elektron_digitakt_nrpn_39,elektron_digitakt,FX delay time,,,0-based,2,0,0,127,FX parameters - delay
elektron_digitakt_nrpn_40,elektron_digitakt,FX pingpong,,,0-based,2,1,0,127,FX parameters - delay
elektron_digitakt_nrpn_41,elektron_digitakt,FX stereo width,,,0-based,2,2,0,127,FX parameters - delay
elektron_digitakt_nrpn_42,elektron_digitakt,FX feedback,,,0-based,2,3,0,127,FX parameters - delay
elektron_digitakt_nrpn_43,elektron_digitakt,FX highpass filter,,,0-based,2,4,0,127,FX parameters - delay
elektron_digitakt_nrpn_44,elektron_digitakt,FX lowpass filter,,,0-based,2,5,0,127,FX parameters - delay
elektron_digitakt_nrpn_45,elektron_digitakt,FX reverb send,,,0-based,2,6,0,127,FX parameters - delay
elektron_digitakt_nrpn_46,elektron_digitakt,FX mix volume,,,0-based,2,7,0,127,FX parameters - delay
elektron_digitakt_nrpn_47,elektron_digitakt,FX reverb predelay,,,0-based,2,8,0,127,FX parameters - reverb
elektron_digitakt_nrpn_48,elektron_digitakt,FX reverb decay time,,,0-based,2,9,0,127,FX parameters - reverb
elektron_digitakt_nrpn_49,elektron_digitakt,FX reverb shelving freq,,,0-based,2,10,0,127,FX parameters - reverb
elektron_digitakt_nrpn_50,elektron_digitakt,FX reverb shelving gain,,,0-based,2,11,0,127,FX parameters - reverb
elektron_digitakt_nrpn_51,elektron_digitakt,FX reverb highpass filter,,,0-based,2,12,0,127,FX parameters - reverb
elektron_digitakt_nrpn_52,elektron_digitakt,FX reverb lowpass filter,,,0-based,2,13,0,127,FX parameters - reverb
elektron_digitakt_nrpn_53,elektron_digitakt,FX reverb mix volume,,,0-based,2,15,0,127,FX parameters - reverb
elektron_digitone_ii_nrpn_0,elektron_digitone_ii,Mute,,,0-based,1,108,0,127,Track Parameters
elektron_digitone_ii_nrpn_1,elektron_digitone_ii,Track level,,,0-based,1,110,0,127,Track Parameters
elektron_digitone_ii_nrpn_2,elektron_digitone_ii,Note,,,0-based,3,0,0,127,Trig Parameters
elektron_digitone_ii_nrpn_3,elektron_digitone_ii,Velocity,,,0-based,3,1,0,127,Trig Parameters
elektron_digitone_ii_nrpn_4,elektron_digitone_ii,Length,,,0-based,3,2,0,127,Trig Parameters
elektron_digitone_ii_nrpn_5,elektron_digitone_ii,Portamento Time,,,0-based,3,6,0,127,Trig Parameters
elektron_digitone_ii_nrpn_6,elektron_digitone_ii,Portamento On/Off,,,0-based,3,7,0,127,Trig Parameters
elektron_digitone_ii_nrpn_7,elektron_digitone_ii,Data entry knob A (machine dependent),,,0-based,1,73,0,127,Source Parameters (syn 1)
elektron_digitone_ii_nrpn_8,elektron_digitone_ii,Data entry knob B (machine dependent),,,0-based,1,74,0,127,Source Parameters (syn 1)
elektron_digitone_ii_nrpn_9,elektron_digitone_ii,Data entry knob C (machine dependent),,,0-based,1,75,0,127,Source Parameters (syn 1)
elektron_digitone_ii_nrpn_10,elektron_digitone_ii,Data entry knob D (machine dependent),,,0-based,1,76,0,127,Source Parameters (syn 1)
elektron_digitone_ii_nrpn_11,elektron_digitone_ii,Data entry knob E (machine dependent),,,0-based,1,77,0,127,Source Parameters (syn 1)
elektron_digitone_ii_nrpn_12,elektron_digitone_ii,Data entry knob F (machine dependent),,,0-based,1,78,0,127,Source Parameters (syn 1)
elektron_digitone_ii_nrpn_13,elektron_digitone_ii,Data entry knob G (machine dependent),,,0-based,1,79,0,127,Source Parameters (syn 1)
elektron_digitone_ii_nrpn_14,elektron_digitone_ii,Data entry knob H (machine dependent),,,0-based,1,80,0,127,Source Parameters (syn 1)
elektron_digitone_ii_nrpn_15,elektron_digitone_ii,Data entry knob A (machine dependent),,,0-based,1,81,0,127,Source Parameters (syn 2)
elektron_digitone_ii_nrpn_16,elektron_digitone_ii,Data entry knob B (machine dependent),,,0-based,1,82,0,127,Source Parameters (syn 2)
elektron_digitone_ii_nrpn_17,elektron_digitone_ii,Data entry knob C (machine dependent),,,0-based,1,83,0,127,Source Parameters (syn 2)
elektron_digitone_ii_nrpn_18,elektron_digitone_ii,Data entry knob D (machine dependent),,,0-based,1,84,0,127,Source Parameters (syn 2)
elektron_digitone_ii_nrpn_19,elektron_digitone_ii,Data entry knob E (machine dependent),,,0-based,1,85,0,127,Source Parameters (syn 2)
elektron_digitone_ii_nrpn_20,elektron_digitone_ii,Data entry knob F (machine dependent),,,0-based,1,86,0,127,Source Parameters (syn 2)
elektron_digitone_ii_nrpn_21,elektron_digitone_ii,Data entry knob G (machine dependent),,,0-based,1,87,0,127,Source Parameters (syn 2)
elektron_digitone_ii_nrpn_22,elektron_digitone_ii,Data entry knob H (machine dependent),,,0-based,1,88,0,127,Source Parameters (syn 2)
elektron_digitone_ii_nrpn_23,elektron_digitone_ii,Data entry knob A (machine dependent),,,0-based,1,89,0,127,Source Parameters (syn 3)
elektron_digitone_ii_nrpn_24,elektron_digitone_ii,Data entry knob B (machine dependent),,,0-based,1,90,0,127,Source Parameters (syn 3)
elektron_digitone_ii_nrpn_25,elektron_digitone_ii,Data entry knob C (machine dependent),,,0-based,1,91,0,127,Source Parameters (syn 3)
elektron_digitone_ii_nrpn_26,elektron_digitone_ii,Data entry knob D (machine dependent),,,0-based,1,92,0,127,Source Parameters (syn 3)
elektron_digitone_ii_nrpn_27,elektron_digitone_ii,Data entry knob E (machine dependent),,,0-based,1,93,0,127,Source Parameters (syn 3)
elektron_digitone_ii_nrpn_28,elektron_digitone_ii,Data entry knob F (machine dependent),,,0-based,1,94,0,127,Source Parameters (syn 3)
elektron_digitone_ii_nrpn_29,elektron_digitone_ii,Data entry knob G (machine dependent),,,0-based,1,95,0,127,Source Parameters (syn 3)
elektron_digitone_ii_nrpn_30,elektron_digitone_ii,Data entry knob H (machine dependent),,,0-based,1,96,0,127,Source Parameters (syn 3)
elektron_digitone_ii_nrpn_31,elektron_digitone_ii,Data entry knob A (machine dependent),,,0-based,1,97,0,127,Source Parameters (syn 4)
elektron_digitone_ii_nrpn_32,elektron_digitone_ii,Data entry knob B (machine dependent),,,0-based,1,98,0,127,Source Parameters (syn 4)
elektron_digitone_ii_nrpn_33,elektron_digitone_ii,Data entry knob C (machine dependent),,,0-based,1,99,0,127,Source Parameters (syn 4)
elektron_digitone_ii_nrpn_34,elektron_digitone_ii,Data entry knob D (machine dependent),,,0-based,1,100,0,127,Source Parameters (syn 4)
elektron_digitone_ii_nrpn_35,elektron_digitone_ii,Data entry knob E (machine dependent),,,0-based,1,101,0,127,Source Parameters (syn 4)
elektron_digitone_ii_nrpn_36,elektron_digitone_ii,Data entry knob F (machine dependent),,,0-based,1,102,0,127,Source Parameters (syn 4)
elektron_digitone_ii_nrpn_37,elektron_digitone_ii,Data entry knob G (machine dependent),,,0-based,1,103,0,127,Source Parameters (syn 4)
elektron_digitone_ii_nrpn_38,elektron_digitone_ii,Data entry knob H (machine dependent),,,0-based,1,104,0,127,Source Parameters (syn 4)
elektron_digitone_ii_nrpn_39,elektron_digitone_ii,Frequency,,,0-based,1,20,0,127,Filter Parameters
elektron_digitone_ii_nrpn_40,elektron_digitone_ii,Data entry knob F (machine dependent),,,0-based,1,21,0,127,Filter Parameters
elektron_digitone_ii_nrpn_41,elektron_digitone_ii,Data entry knob G (machine dependent),,,0-based,1,22,0,127,Filter Parameters
elektron_digitone_ii_nrpn_42,elektron_digitone_ii,Env. Depth,,,centered,1,26,0,127,Filter Parameters
elektron_digitone_ii_nrpn_43,elektron_digitone_ii,Attack Time,,,0-based,1,16,0,127,Filter Parameters
elektron_digitone_ii_nrpn_44,elektron_digitone_ii,Decay Time,,,0-based,1,17,0,127,Filter Parameters
elektron_digitone_ii_nrpn_45,elektron_digitone_ii,Sustain Level,,,0-based,1,18,0,127,Filter Parameters
elektron_digitone_ii_nrpn_46,elektron_digitone_ii,Release Time,,,0-based,1,19,0,127,Filter Parameters
elektron_digitone_ii_nrpn_47,elektron_digitone_ii,Env. Delay,,,0-based,1,23,0,127,Filter Parameters
elektron_digitone_ii_nrpn_48,elektron_digitone_ii,Key Tracking,,,0-based,1,69,0,127,Filter Parameters
elektron_digitone_ii_nrpn_49,elektron_digitone_ii,Base,,,0-based,1,24,0,127,Filter Parameters
elektron_digitone_ii_nrpn_50,elektron_digitone_ii,Width,,,0-based,1,25,0,127,Filter Parameters
elektron_digitone_ii_nrpn_51,elektron_digitone_ii,Env. Reset,,,0-based,1,68,0,127,Filter Parameters
elektron_digitone_ii_nrpn_52,elektron_digitone_ii,Attack Time,,,0-based,1,30,0,127,Amp Parameters
elektron_digitone_ii_nrpn_53,elektron_digitone_ii,Hold Time,,,0-based,1,31,0,127,Amp Parameters
elektron_digitone_ii_nrpn_54,elektron_digitone_ii,Decay Time,,,0-based,1,32,0,127,Amp Parameters
elektron_digitone_ii_nrpn_55,elektron_digitone_ii,Sustain Level,,,0-based,1,33,0,127,Amp Parameters
elektron_digitone_ii_nrpn_56,elektron_digitone_ii,Release Time,,,0-based,1,34,0,127,Amp Parameters
elektron_digitone_ii_nrpn_57,elektron_digitone_ii,Env. Reset,,,0-based,1,41,0,127,Amp Parameters
elektron_digitone_ii_nrpn_58,elektron_digitone_ii,Mode,,,0-based,1,40,0,127,Amp Parameters
elektron_digitone_ii_nrpn_59,elektron_digitone_ii,Pan,,,centered,1,38,0,127,Amp Parameters
elektron_digitone_ii_nrpn_60,elektron_digitone_ii,Volume,,,0-based,1,39,0,127,Amp Parameters
elektron_digitone_ii_nrpn_61,elektron_digitone_ii,Pulse Generator 1,,,0-based,3,8,0,127,Euclidean Sequencer Parameters
elektron_digitone_ii_nrpn_62,elektron_digitone_ii,Pulse Generator 2,,,0-based,3,9,0,127,Euclidean Sequencer Parameters
elektron_digitone_ii_nrpn_63,elektron_digitone_ii,Euclidean Mode On/Off,,,0-based,3,14,0,127,Euclidean Sequencer Parameters
elektron_digitone_ii_nrpn_64,elektron_digitone_ii,Rotation Generator 1,,,centered,3,11,0,127,Euclidean Sequencer Parameters
elektron_digitone_ii_nrpn_65,elektron_digitone_ii,Rotation Generator 2,,,centered,3,12,0,127,Euclidean Sequencer Parameters
elektron_digitone_ii_nrpn_66,elektron_digitone_ii,Track Rotation,,,centered,3,13,0,127,Euclidean Sequencer Parameters
elektron_digitone_ii_nrpn_67,elektron_digitone_ii,Boolean Operator,,,0-based,3,10,0,127,Euclidean Sequencer Parameters
elektron_digitone_ii_nrpn_68,elektron_digitone_ii,Bit Reduction,,,0-based,1,5,0,127,FX Parameters
elektron_digitone_ii_nrpn_69,elektron_digitone_ii,Overdrive,,,0-based,1,8,0,127,FX Parameters
elektron_digitone_ii_nrpn_70,elektron_digitone_ii,Sample Rate Reduction,,,0-based,1,6,0,127,FX Parameters
elektron_digitone_ii_nrpn_71,elektron_digitone_ii,SRR Routing,,,0-based,1,7,0,127,FX Parameters
elektron_digitone_ii_nrpn_72,elektron_digitone_ii,Overdrive Routing,,,0-based,1,9,0,127,FX Parameters
elektron_digitone_ii_nrpn_73,elektron_digitone_ii,Delay Send,,,0-based,1,36,0,127,FX Parameters
elektron_digitone_ii_nrpn_74,elektron_digitone_ii,Reverb Send,,,0-based,1,37,0,127,FX Parameters
elektron_digitone_ii_nrpn_75,elektron_digitone_ii,Chorus Send,,,0-based,1,35,0,127,FX Parameters
elektron_digitone_ii_nrpn_76,elektron_digitone_ii,Speed,,,centered,1,42,0,127,Mod Parameters (LFO1)
elektron_digitone_ii_nrpn_77,elektron_digitone_ii,Multiplier,,,0-based,1,43,0,127,Mod Parameters (LFO1)
elektron_digitone_ii_nrpn_78,elektron_digitone_ii,Fade In/Out,,,0-based,1,44,0,127,Mod Parameters (LFO1)
elektron_digitone_ii_nrpn_79,elektron_digitone_ii,Destination,,,0-based,1,45,0,127,Mod Parameters (LFO1)
elektron_digitone_ii_nrpn_80,elektron_digitone_ii,Waveform,,,0-based,1,46,0,127,Mod Parameters (LFO1)
elektron_digitone_ii_nrpn_81,elektron_digitone_ii,Start Phase/Slew,,,0-based,1,47,0,127,Mod Parameters (LFO1)
elektron_digitone_ii_nrpn_82,elektron_digitone_ii,Trig Mode,,,0-based,1,48,0,127,Mod Parameters (LFO1)
elektron_digitone_ii_nrpn_83,elektron_digitone_ii,Depth,,,centered,1,49,0,127,Mod Parameters (LFO1)
elektron_digitone_ii_nrpn_84,elektron_digitone_ii,Speed,,,centered,1,50,0,127,Mod Parameters (LFO2)
elektron_digitone_ii_nrpn_85,elektron_digitone_ii,Multiplier,,,0-based,1,51,0,127,Mod Parameters (LFO2)
elektron_digitone_ii_nrpn_86,elektron_digitone_ii,Fade In/Out,,,0-based,1,52,0,127,Mod Parameters (LFO2)
elektron_digitone_ii_nrpn_87,elektron_digitone_ii,Destination,,,0-based,1,53,0,127,Mod Parameters (LFO2)
elektron_digitone_ii_nrpn_88,elektron_digitone_ii,Waveform,,,0-based,1,54,0,127,Mod Parameters (LFO2)
elektron_digitone_ii_nrpn_89,elektron_digitone_ii,Start Phase/Slew,,,0-based,1,55,0,127,Mod Parameters (LFO2)
elektron_digitone_ii_nrpn_90,elektron_digitone_ii,Trig Mode,,,0-based,1,56,0,127,Mod Parameters (LFO2)
elektron_digitone_ii_nrpn_91,elektron_digitone_ii,Depth,,,centered,1,57,0,127,Mod Parameters (LFO2)
elektron_digitone_ii_nrpn_92,elektron_digitone_ii,Speed,,,centered,1,58,0,127,Mod Parameters (LFO3)
elektron_digitone_ii_nrpn_93,elektron_digitone_ii,Multiplier,,,0-based,1,59,0,127,Mod Parameters (LFO3)
elektron_digitone_ii_nrpn_94,elektron_digitone_ii,Fade In/Out,,,0-based,1,60,0,127,Mod Parameters (LFO3)
elektron_digitone_ii_nrpn_95,elektron_digitone_ii,Destination,,,0-based,1,61,0,127,Mod Parameters (LFO3)
elektron_digitone_ii_nrpn_96,elektron_digitone_ii,Waveform,,,0-based,1,62,0,127,Mod Parameters (LFO3)
elektron_digitone_ii_nrpn_97,elektron_digitone_ii,Start Phase/Slew,,,0-based,1,70,0,127,Mod Parameters (LFO3)
elektron_digitone_ii_nrpn_98,elektron_digitone_ii,Trig Mode,,,0-based,1,71,0,127,Mod Parameters (LFO3)
elektron_digitone_ii_nrpn_99,elektron_digitone_ii,Depth,,,centered,1,72,0,127,Mod Parameters (LFO3)
elektron_digitone_ii_nrpn_100,elektron_digitone_ii,Delay Time,,,0-based,2,0,0,127,Send FX Parameters (Delay)
elektron_digitone_ii_nrpn_101,elektron_digitone_ii,Pingpong,,,0-based,2,1,0,127,Send FX Parameters (Delay)
elektron_digitone_ii_nrpn_102,elektron_digitone_ii,Stereo Width,,,centered,2,2,0,127,Send FX Parameters (Delay)
elektron_digitone_ii_nrpn_103,elektron_digitone_ii,Feedback,,,0-based,2,3,0,127,Send FX Parameters (Delay)
elektron_digitone_ii_nrpn_104,elektron_digitone_ii,Highpass Filter,,,0-based,2,4,0,127,Send FX Parameters (Delay)
elektron_digitone_ii_nrpn_105,elektron_digitone_ii,Lowpass Filter,,,0-based,2,5,0,127,Send FX Parameters (Delay)
elektron_digitone_ii_nrpn_106,elektron_digitone_ii,Reverb Send,,,0-based,2,6,0,127,Send FX Parameters (Delay)
elektron_digitone_ii_nrpn_107,elektron_digitone_ii,Mix Volume,,,0-based,2,7,0,127,Send FX Parameters (Delay)
elektron_digitone_ii_nrpn_108,elektron_digitone_ii,Predelay,,,0-based,2,8,0,127,Send FX Parameters (Reverb)
elektron_digitone_ii_nrpn_109,elektron_digitone_ii,Decay Time,,,0-based,2,9,0,127,Send FX Parameters (Reverb)
elektron_digitone_ii_nrpn_110,elektron_digitone_ii,Shelving Freq,,,0-based,2,10,0,127,Send FX Parameters (Reverb)
elektron_digitone_ii_nrpn_111,elektron_digitone_ii,Shelving Gain,,,0-based,2,11,0,127,Send FX Parameters (Reverb)
elektron_digitone_ii_nrpn_112,elektron_digitone_ii,Highpass Filter,,,0-based,2,12,0,127,Send FX Parameters (Reverb)
elektron_digitone_ii_nrpn_113,elektron_digitone_ii,Lowpass Filter,,,0-based,2,13,0,127,Send FX Parameters (Reverb)
elektron_digitone_ii_nrpn_114,elektron_digitone_ii,Mix Volume,,,0-based,2,15,0,127,Send FX Parameters (Reverb)
elektron_digitone_ii_nrpn_115,elektron_digitone_ii,Depth,,,0-based,2,41,0,127,Send FX Parameters (Chorus)
elektron_digitone_ii_nrpn_116,elektron_digitone_ii,Speed,,,0-based,2,42,0,127,Send FX Parameters (Chorus)
elektron_digitone_ii_nrpn_117,elektron_digitone_ii,High Pass Filter,,,0-based,2,43,0,127,Send FX Parameters (Chorus)
elektron_digitone_ii_nrpn_118,elektron_digitone_ii,Width,,,0-based,2,44,0,127,Send FX Parameters (Chorus)
elektron_digitone_ii_nrpn_119,elektron_digitone_ii,Delay Send,,,0-based,2,45,0,127,Send FX Parameters (Chorus)
elektron_digitone_ii_nrpn_120,elektron_digitone_ii,Reverb Send,,,0-based,2,46,0,127,Send FX Parameters (Chorus)
elektron_digitone_ii_nrpn_121,elektron_digitone_ii,Mix Volume,,,0-based,2,47,0,127,Send FX Parameters (Chorus)
elektron_digitone_ii_nrpn_122,elektron_digitone_ii,Threshold,,,0-based,2,16,0,127,Mixer Parameters (Compressor)
elektron_digitone_ii_nrpn_123,elektron_digitone_ii,Attack Time,,,0-based,2,17,0,127,Mixer Parameters (Compressor)
elektron_digitone_ii_nrpn_124,elektron_digitone_ii,Release Time,,,0-based,2,18,0,127,Mixer Parameters (Compressor)
elektron_digitone_ii_nrpn_125,elektron_digitone_ii,Makeup Gain,,,0-based,2,19,0,127,Mixer Parameters (Compressor)
elektron_digitone_ii_nrpn_126,elektron_digitone_ii,Pattern Volume,,,0-based,2,24,0,127,Mixer Parameters (Compressor)
elektron_digitone_ii_nrpn_127,elektron_digitone_ii,Ratio,,,0-based,2,20,0,127,Mixer Parameters (Compressor)
elektron_digitone_ii_nrpn_128,elektron_digitone_ii,Sidechain Source,,,0-based,2,21,0,127,Mixer Parameters (Compressor)
elektron_digitone_ii_nrpn_129,elektron_digitone_ii,Sidechain Filter,,,0-based,2,22,0,127,Mixer Parameters (Compressor)
elektron_digitone_ii_nrpn_130,elektron_digitone_ii,Dry/Wet Mix,,,0-based,2,23,0,127,Mixer Parameters (Compressor)
elektron_digitone_ii_nrpn_131,elektron_digitone_ii,Dual Mono,,,0-based,2,40,0,127,Mixer Parameters (External In Mixer)
elektron_digitone_ii_nrpn_132,elektron_digitone_ii,Input L Level,,,0-based,2,30,0,127,Mixer Parameters (External In Mixer)
elektron_digitone_ii_nrpn_133,elektron_digitone_ii,Input L Pan,,,0-based,2,32,0,127,Mixer Parameters (External In Mixer)
elektron_digitone_ii_nrpn_134,elektron_digitone_ii,Input R Level,,,0-based,2,31,0,127,Mixer Parameters (External In Mixer)
elektron_digitone_ii_nrpn_135,elektron_digitone_ii,Input R Pan,,,centered,2,33,0,127,Mixer Parameters (External In Mixer)
elektron_digitone_ii_nrpn_136,elektron_digitone_ii,Input L Delay Send,,,0-based,2,36,0,127,Mixer Parameters (External In Mixer)
elektron_digitone_ii_nrpn_137,elektron_digitone_ii,Input R Delay Send,,,0-based,2,37,0,127,Mixer Parameters (External In Mixer)
elektron_digitone_ii_nrpn_138,elektron_digitone_ii,Input L Reverb Send,,,0-based,2,38,0,127,Mixer Parameters (External In Mixer)
elektron_digitone_ii_nrpn_139,elektron_digitone_ii,Input R Reverb Send,,,0-based,2,39,0,127,Mixer Parameters (External In Mixer)
elektron_digitone_ii_nrpn_140,elektron_digitone_ii,Input L Chorus Send,,,0-based,2,34,0,127,Mixer Parameters (External In Mixer)
elektron_digitone_ii_nrpn_141,elektron_digitone_ii,Input R Chorus Send,,,0-based,2,35,0,127,Mixer Parameters (External In Mixer)
elektron_digitone_ii_nrpn_142,elektron_digitone_ii,Input L R Level,,,0-based,2,30,0,127,Mixer Parameters (External In Mixer)
elektron_digitone_ii_nrpn_143,elektron_digitone_ii,Input L R Balance,,,centered,2,32,0,127,Mixer Parameters (External In Mixer)
elektron_digitone_ii_nrpn_144,elektron_digitone_ii,Input L R Delay Send,,,0-based,2,36,0,127,Mixer Parameters (External In Mixer)
elektron_digitone_ii_nrpn_145,elektron_digitone_ii,Input L R Reverb Send,,,0-based,2,38,0,127,Mixer Parameters (External In Mixer)
elektron_digitone_ii_nrpn_146,elektron_digitone_ii,Input L R Chorus Send,,,0-based,2,34,0,127,Mixer Parameters (External In Mixer)
elektron_digitone_ii_nrpn_147,elektron_digitone_ii,VAL1,,,0-based,1,16,0,127,Val Parameters
elektron_digitone_ii_nrpn_148,elektron_digitone_ii,VAL2,,,0-based,1,17,0,127,Val Parameters
elektron_digitone_ii_nrpn_149,elektron_digitone_ii,VAL3,,,0-based,1,18,0,127,Val Parameters
elektron_digitone_ii_nrpn_150,elektron_digitone_ii,VAL4,,,0-based,1,19,0,127,Val Parameters
elektron_digitone_ii_nrpn_151,elektron_digitone_ii,VAL5,,,0-based,1,20,0,127,Val Parameters
elektron_digitone_ii_nrpn_152,elektron_digitone_ii,VAL6,,,0-based,1,21,0,127,Val Parameters
elektron_digitone_ii_nrpn_153,elektron_digitone_ii,VAL7,,,0-based,1,22,0,127,Val Parameters
elektron_digitone_ii_nrpn_154,elektron_digitone_ii,VAL8,,,0-based,1,23,0,127,Val Parameters
elektron_digitone_ii_nrpn_155,elektron_digitone_ii,VAL9,,,0-based,1,60,0,127,Val Parameters
elektron_digitone_ii_nrpn_156,elektron_digitone_ii,VAL10,,,0-based,1,61,0,127,Val Parameters
elektron_digitone_ii_nrpn_157,elektron_digitone_ii,VAL11,,,0-based,1,62,0,127,Val Parameters
elektron_digitone_ii_nrpn_158,elektron_digitone_ii,VAL12,,,0-based,1,63,0,127,Val Parameters
elektron_digitone_ii_nrpn_159,elektron_digitone_ii,VAL13,,,0-based,1,64,0,127,Val Parameters
elektron_digitone_ii_nrpn_160,elektron_digitone_ii,VAL14,,,0-based,1,65,0,127,Val Parameters
elektron_digitone_ii_nrpn_161,elektron_digitone_ii,VAL15,,,0-based,1,66,0,127,Val Parameters
elektron_digitone_ii_nrpn_162,elektron_digitone_ii,VAL16,,,0-based,1,67,0,127,Val Parameters
elektron_digitone_ii_nrpn_163,elektron_digitone_ii,Pattern Mute,,,0-based,1,109,0,127,Misc Parameters
elektron_digitone_ii_nrpn_164,elektron_digitone_ii,Master Overdrive,,,0-based,2,50,0,127,Misc Parameters
elektron_digitone_nrpn_0,elektron_digitone,Mute,,,0-based,1,101,0,127,Track parameters
elektron_digitone_nrpn_1,elektron_digitone,Track level,,,0-based,1,100,0,127,Track parameters
elektron_digitone_nrpn_2,elektron_digitone,Root,,,0-based,3,0,0,127,Trig parameters
elektron_digitone_nrpn_3,elektron_digitone,Velocity,,,0-based,3,1,0,127,Trig parameters
elektron_digitone_nrpn_4,elektron_digitone,Length,,,0-based,3,2,0,127,Trig parameters
elektron_digitone_nrpn_5,elektron_digitone,Filter trig,,,0-based,3,5,0,127,Trig parameters
elektron_digitone_nrpn_6,elektron_digitone,LFO trig,,,0-based,3,6,0,127,Trig parameters
elektron_digitone_nrpn_7,elektron_digitone,Protamento time,,,0-based,3,7,0,127,Trig parameters
elektron_digitone_nrpn_8,elektron_digitone,Portamento on,,,0-based,3,8,0,127,Trig parameters
elektron_digitone_nrpn_9,elektron_digitone,Algorithm,,,0-based,1,72,0,127,FM parameters (syn 1)
elektron_digitone_nrpn_10,elektron_digitone,Ratio C,,,0-based,1,73,0,127,FM parameters (syn 1)
elektron_digitone_nrpn_11,elektron_digitone,Ratio A,,,0-based,1,74,0,127,FM parameters (syn 1)
elektron_digitone_nrpn_12,elektron_digitone,Ratio B,,,0-based,1,75,0,127,FM parameters (syn 1)
elektron_digitone_nrpn_13,elektron_digitone,Harmonics,,,0-based,1,76,0,127,FM parameters (syn 1)
elektron_digitone_nrpn_14,elektron_digitone,Detune,,,0-based,1,77,0,127,FM parameters (syn 1)
elektron_digitone_nrpn_15,elektron_digitone,Feedback,,,0-based,1,78,0,127,FM parameters (syn 1)
elektron_digitone_nrpn_16,elektron_digitone,Mix,,,Centered,1,79,0,127,FM parameters (syn 1)
elektron_digitone_nrpn_17,elektron_digitone,Ratio C offset,,,0-based,1,95,0,127,FM parameters (syn 1)
elektron_digitone_nrpn_18,elektron_digitone,Ratio A offset,,,0-based,1,96,0,127,FM parameters (syn 1)
elektron_digitone_nrpn_19,elektron_digitone,Ratio B1 offset,,,0-based,1,97,0,127,FM parameters (syn 1)
elektron_digitone_nrpn_20,elektron_digitone,Ratio B2 offset,,,0-based,1,98,0,127,FM parameters (syn 1)
elektron_digitone_nrpn_21,elektron_digitone,A env attack,,,0-based,1,80,0,127,FM parameters (syn 2)
elektron_digitone_nrpn_22,elektron_digitone,A env decay,,,0-based,1,81,0,127,FM parameters (syn 2)
elektron_digitone_nrpn_23,elektron_digitone,A env end,,,0-based,1,82,0,127,FM parameters (syn 2)
elektron_digitone_nrpn_24,elektron_digitone,A level,,,0-based,1,83,0,127,FM parameters (syn 2)
elektron_digitone_nrpn_25,elektron_digitone,B env attack,,,0-based,1,84,0,127,FM parameters (syn 2)
elektron_digitone_nrpn_26,elektron_digitone,B env decay,,,0-based,1,85,0,127,FM parameters (syn 2)
elektron_digitone_nrpn_27,elektron_digitone,B env end,,,0-based,1,86,0,127,FM parameters (syn 2)
elektron_digitone_nrpn_28,elektron_digitone,B level,,,0-based,1,87,0,127,FM parameters (syn 2)
elektron_digitone_nrpn_29,elektron_digitone,A delay,,,0-based,1,88,0,127,FM parameters (syn 2)
elektron_digitone_nrpn_30,elektron_digitone,A trig,,,0-based,1,89,0,127,FM parameters (syn 2)
elektron_digitone_nrpn_31,elektron_digitone,A env reset,,,0-based,1,90,0,127,FM parameters (syn 2)
elektron_digitone_nrpn_32,elektron_digitone,B delay,,,0-based,1,91,0,127,FM parameters (syn 2)
elektron_digitone_nrpn_33,elektron_digitone,B trig,,,0-based,1,92,0,127,FM parameters (syn 2)
elektron_digitone_nrpn_34,elektron_digitone,B env reset,,,0-based,1,93,0,127,FM parameters (syn 2)
elektron_digitone_nrpn_35,elektron_digitone,Phase reset,,,0-based,1,94,0,127,FM parameters (syn 2)
elektron_digitone_nrpn_36,elektron_digitone,Filter frequency,,,0-based,1,20,0,127,Filter parameters
elektron_digitone_nrpn_37,elektron_digitone,Resonance,,,0-based,1,21,0,127,Filter parameters
elektron_digitone_nrpn_38,elektron_digitone,Filter type,,,0-based,1,22,0,127,Filter parameters
elektron_digitone_nrpn_39,elektron_digitone,Attack time,,,0-based,1,16,0,127,Filter parameters
elektron_digitone_nrpn_40,elektron_digitone,Decay time,,,0-based,1,17,0,127,Filter parameters
elektron_digitone_nrpn_41,elektron_digitone,Sustain level,,,0-based,1,18,0,127,Filter parameters
elektron_digitone_nrpn_42,elektron_digitone,Release time,,,0-based,1,19,0,127,Filter parameters
elektron_digitone_nrpn_43,elektron_digitone,Env depth,,,0-based,1,23,0,127,Filter parameters
elektron_digitone_nrpn_44,elektron_digitone,Env delay,,,0-based,1,66,0,127,Filter parameters
elektron_digitone_nrpn_45,elektron_digitone,Base,,,0-based,1,24,0,127,Filter parameters
elektron_digitone_nrpn_46,elektron_digitone,Width,,,0-based,1,25,0,127,Filter parameters
elektron_digitone_nrpn_47,elektron_digitone,Attack time,,,0-based,1,32,0,127,Amp parameters
elektron_digitone_nrpn_48,elektron_digitone,Decay time,,,0-based,1,33,0,127,Amp parameters
elektron_digitone_nrpn_49,elektron_digitone,Sustain level,,,0-based,1,34,0,127,Amp parameters
elektron_digitone_nrpn_50,elektron_digitone,Release time,,,0-based,1,35,0,127,Amp parameters
elektron_digitone_nrpn_51,elektron_digitone,Drive,,,0-based,1,36,0,127,Amp parameters
elektron_digitone_nrpn_52,elektron_digitone,Pan,,,Centered,1,37,0,127,Amp parameters
elektron_digitone_nrpn_53,elektron_digitone,Volume,,,0-based,1,38,0,127,Amp parameters
elektron_digitone_nrpn_54,elektron_digitone,Chorus send,,,0-based,1,41,0,127,Amp parameters
elektron_digitone_nrpn_55,elektron_digitone,Delay send,,,0-based,1,40,0,127,Amp parameters
elektron_digitone_nrpn_56,elektron_digitone,Reverb send,,,0-based,1,39,0,127,Amp parameters
elektron_digitone_nrpn_57,elektron_digitone,Amp env reset,,,0-based,1,42,0,127,Amp parameters
elektron_digitone_nrpn_58,elektron_digitone,Speed LFO 1,,,0-based,1,48,0,127,LFO parameters
elektron_digitone_nrpn_59,elektron_digitone,Multiplier LFO 1,,,0-based,1,49,0,127,LFO parameters
elektron_digitone_nrpn_60,elektron_digitone,Fade in/out LFO 1,,,0-based,1,50,0,127,LFO parameters
elektron_digitone_nrpn_61,elektron_digitone,Destination LFO 1,,,0-based,1,51,0,127,LFO parameters
elektron_digitone_nrpn_62,elektron_digitone,Waveform LFO 1,,,0-based,1,52,0,127,LFO parameters
elektron_digitone_nrpn_63,elektron_digitone,Start phase LFO 1,,,0-based,1,53,0,127,LFO parameters
elektron_digitone_nrpn_64,elektron_digitone,Trig mode LFO 1,,,0-based,1,54,0,127,LFO parameters
elektron_digitone_nrpn_65,elektron_digitone,Depth LFO 1,,,0-based,1,55,0,127,LFO parameters
elektron_digitone_nrpn_66,elektron_digitone,Speed LFO 2,,,0-based,1,57,0,127,LFO parameters
elektron_digitone_nrpn_67,elektron_digitone,Multiplier LFO 2,,,0-based,1,58,0,127,LFO parameters
elektron_digitone_nrpn_68,elektron_digitone,Fade in/out LFO 2,,,0-based,1,59,0,127,LFO parameters
elektron_digitone_nrpn_69,elektron_digitone,Destination LFO 2,,,0-based,1,60,0,127,LFO parameters
elektron_digitone_nrpn_70,elektron_digitone,Waveform LFO 2,,,0-based,1,61,0,127,LFO parameters
elektron_digitone_nrpn_71,elektron_digitone,Start phase LFO 2,,,0-based,1,62,0,127,LFO parameters
elektron_digitone_nrpn_72,elektron_digitone,Trig mode LFO 2,,,0-based,1,63,0,127,LFO parameters
elektron_digitone_nrpn_73,elektron_digitone,Depth LFO 2,,,0-based,1,64,0,127,LFO parameters
elektron_digitone_nrpn_74,elektron_digitone,Depth,,,0-based,2,0,0,127,FX parameters
elektron_digitone_nrpn_75,elektron_digitone,Speed,,,0-based,2,1,0,127,FX parameters
elektron_digitone_nrpn_76,elektron_digitone,High-pass,,,0-based,2,2,0,127,FX parameters
elektron_digitone_nrpn_77,elektron_digitone,Width,,,0-based,2,3,0,127,FX parameters
elektron_digitone_nrpn_78,elektron_digitone,Delay send,,,0-based,2,4,0,127,FX parameters
elektron_digitone_nrpn_79,elektron_digitone,Reverb send,,,0-based,2,5,0,127,FX parameters
elektron_digitone_nrpn_80,elektron_digitone,Mix volume,,,0-based,2,6,0,127,FX parameters
elektron_digitone_nrpn_81,elektron_digitone,Delay time,,,0-based,2,10,0,127,Delay
elektron_digitone_nrpn_82,elektron_digitone,Pingpong,,,Centered,2,11,0,127,Delay
elektron_digitone_nrpn_83,elektron_digitone,Stereo width,,,0-based,2,12,0,127,Delay
elektron_digitone_nrpn_84,elektron_digitone,Feedback,,,0-based,2,13,0,127,Delay
elektron_digitone_nrpn_85,elektron_digitone,Highpass filter,,,0-based,2,14,0,127,Delay
elektron_digitone_nrpn_86,elektron_digitone,Lowpass filter,,,0-based,2,15,0,127,Delay
elektron_digitone_nrpn_87,elektron_digitone,Reverb send,,,0-based,2,16,0,127,Delay
elektron_digitone_nrpn_88,elektron_digitone,Mix volume,,,0-based,2,17,0,127,Delay
elektron_digitone_nrpn_89,elektron_digitone,Predelay,,,0-based,2,20,0,127,Reverb
elektron_digitone_nrpn_90,elektron_digitone,Decay time,,,0-based,2,21,0,127,Reverb
elektron_digitone_nrpn_91,elektron_digitone,Shelving freq,,,0-based,2,22,0,127,Reverb
elektron_digitone_nrpn_92,elektron_digitone,Shelving gain,,,0-based,2,23,0,127,Reverb
elektron_digitone_nrpn_93,elektron_digitone,Highpass filter,,,0-based,2,24,0,127,Reverb
elektron_digitone_nrpn_94,elektron_digitone,Lowpass filter,,,0-based,2,25,0,127,Reverb
elektron_digitone_nrpn_95,elektron_digitone,Mix volume,,,0-based,2,26,0,127,Reverb
elektron_digitone_nrpn_96,elektron_digitone,Master overdrive,,,0-based,2,37,0,127,Master
elektron_digitone_nrpn_97,elektron_digitone,Dual mono,,,0-based,2,105,0,127,Master
elektron_digitone_nrpn_98,elektron_digitone,Input L volume,,,0-based,2,30,0,127,Master
elektron_digitone_nrpn_99,elektron_digitone,Input R volume,,,0-based,2,32,0,127,Master
elektron_digitone_nrpn_100,elektron_digitone,Pan L,,,0-based,2,31,0,127,Master
elektron_digitone_nrpn_101,elektron_digitone,Pan R,,,0-based,2,33,0,127,Master
elektron_digitone_nrpn_102,elektron_digitone,Chorus send L,,,0-based,2,34,0,127,Master
elektron_digitone_nrpn_103,elektron_digitone,Chorus send R,,,0-based,2,102,0,127,Master
elektron_digitone_nrpn_104,elektron_digitone,Delay send L,,,0-based,2,35,0,127,Master
elektron_digitone_nrpn_105,elektron_digitone,Delay send R,,,0-based,2,103,0,127,Master
elektron_digitone_nrpn_106,elektron_digitone,Reverb send L,,,0-based,2,36,0,127,Master
elektron_digitone_nrpn_107,elektron_digitone,Reverb send R,,,0-based,2,104,0,127,Master
elektron_digitone_nrpn_108,elektron_digitone,Chorus send L/R,,,0-based,2,34,0,127,Master
elektron_digitone_nrpn_109,elektron_digitone,Delay send L/R,,,0-based,2,35,0,127,Master
elektron_digitone_nrpn_110,elektron_digitone,Reverb send L/R,,,0-based,2,36,0,127,Master
elektron_digitone_nrpn_111,elektron_digitone,Pattern volume,,,0-based,2,37,0,127,Master
elektron_digitone_nrpn_112,elektron_digitone,Pattern volume,,,0-based,2,38,0,127,Master
elektron_digitone_nrpn_113,elektron_digitone,Pattern mute,,,0-based,1,104,0,127,Misc parameters
elektron_syntakt_nrpn_0,elektron_syntakt,Track: Mute,,0: Unmuted; 1: Muted,0-based,1,101,0,1,Track
elektron_syntakt_nrpn_1,elektron_syntakt,Track: Level,,,0-based,1,100,0,127,Track
elektron_syntakt_nrpn_2,elektron_syntakt,Trig: Note,,,0-based,3,0,0,127,Trig
elektron_syntakt_nrpn_3,elektron_syntakt,Trig: Velocity,,,0-based,3,1,1,127,Trig
elektron_syntakt_nrpn_4,elektron_syntakt,Trig: Length,,6: 1/32; 14: 1/16; 30: 1/8; 38: 3.00; 46: 1/4; 62: 1/2; 78: 16.0; 94: 32.0; 110: 64.0; 127: Infinite; 0-127: Length,0-based,3,2,0,127,Trig
elektron_syntakt_nrpn_5,elektron_syntakt,Filter: Frequency,,,0-based,1,20,0,16256,Filter
elektron_syntakt_nrpn_6,elektron_syntakt,Filter: Resonance,,,0-based,1,21,0,16256,Filter
elektron_syntakt_nrpn_7,elektron_syntakt,Filter: Type,,0: LP; 1: HP; 2: EQ 1; 3: EQ 2; 4: EQ 3; 5: EQ 4; 6: EQ 5; 7: Off,0-based,1,22,0,7,Filter
elektron_syntakt_nrpn_8,elektron_syntakt,Filter: Attack Time,,0~126: Time; 127: Infinite,0-based,1,16,0,127,Filter
elektron_syntakt_nrpn_9,elektron_syntakt,Filter: Decay Time,,,0-based,1,17,0,127,Filter
elektron_syntakt_nrpn_10,elektron_syntakt,Filter: Sustain Level,,,0-based,1,18,0,127,Filter
elektron_syntakt_nrpn_11,elektron_syntakt,Filter: Release Time,,0~126: Time; 127: Infinite,0-based,1,19,0,127,Filter
elektron_syntakt_nrpn_12,elektron_syntakt,Filter: Envelope Depth,,,Centered,1,23,0,16256,Filter
elektron_syntakt_nrpn_13,elektron_syntakt,Filter: Envelope Reset,,0: Off; 1: On,0-based,1,56,0,1,Filter
elektron_syntakt_nrpn_14,elektron_syntakt,Filter: Base,,,0-based,1,24,0,127,Filter
elektron_syntakt_nrpn_15,elektron_syntakt,Filter: Width,,,0-based,1,25,0,127,Filter
elektron_syntakt_nrpn_16,elektron_syntakt,Amp: Attack Time,,,0-based,1,24,0,127,Amp
elektron_syntakt_nrpn_17,elektron_syntakt,Amp: Hold Time,,,0-based,1,25,0,127,Amp
elektron_syntakt_nrpn_18,elektron_syntakt,Amp: Decay Time,,,0-based,1,26,0,127,Amp
elektron_syntakt_nrpn_19,elektron_syntakt,Amp: Sustain Level,,,0-based,1,24,0,127,Amp
elektron_syntakt_nrpn_20,elektron_syntakt,Amp: Release Time,,,0-based,1,24,0,127,Amp
elektron_syntakt_nrpn_21,elektron_syntakt,Amp: Delay Send,,,0-based,1,28,0,16256,Amp
elektron_syntakt_nrpn_22,elektron_syntakt,Amp: Reverb Send,,,0-based,1,29,0,16256,Amp
elektron_syntakt_nrpn_23,elektron_syntakt,Amp: Pan,,,Centered,1,30,0,127,Amp
elektron_syntakt_nrpn_24,elektron_syntakt,Amp: Volume,,,0-based,1,31,0,16256,Amp
elektron_syntakt_nrpn_25,elektron_syntakt,LFO1: Speed,,,Centered,1,32,0,16383,LFO
elektron_syntakt_nrpn_26,elektron_syntakt,LFO1: Multiplier,,0: BPM 1; 1: BPM 2; 2: BPM 4; 3: BPM 8; 4: BPM 16; 5: BPM 32; 6: BPM 64; 7: BPM 128; 8: BPM 256; 9: BPM 512; 10: BPM 1K; 11: BPM 2K; 12: 1; 13: 2; 14: 4; 15: 8; 16: 16; 17: 32; 18: 64; 19: 128; 20: 256; 21: 512; 22: 1K; 23: 2K,0-based,1,33,0,23,LFO
elektron_syntakt_nrpn_27,elektron_syntakt,LFO1: Fade In/Out,,,Centered,1,34,0,127,LFO
elektron_syntakt_nrpn_28,elektron_syntakt,LFO1: Destination,,,0-based,1,35,0,127,LFO
elektron_syntakt_nrpn_29,elektron_syntakt,LFO1: Waveform,,0: Triangle; 1: Sine; 2: Square; 3: Saw; 4: Exponential; 5: Ramp; 6: Random,0-based,1,36,0,6,LFO
elektron_syntakt_nrpn_30,elektron_syntakt,LFO1: Start Phase,,,0-based,1,37,0,127,LFO
elektron_syntakt_nrpn_31,elektron_syntakt,LFO1: Trig Mode,,0: Free; 1: Trig; 2: Hold; 3: One; 4: Half,0-based,1,38,0,4,LFO
elektron_syntakt_nrpn_32,elektron_syntakt,LFO1: Depth,,,Centered,1,39,0,16383,LFO
elektron_syntakt_nrpn_33,elektron_syntakt,LFO2: Speed,,,Centered,1,40,0,16383,LFO
elektron_syntakt_nrpn_34,elektron_syntakt,LFO2: Multiplier,,0: BPM 1; 1: BPM 2; 2: BPM 4; 3: BPM 8; 4: BPM 16; 5: BPM 32; 6: BPM 64; 7: BPM 128; 8: BPM 256; 9: BPM 512; 10: BPM 1K; 11: BPM 2K; 12: 1; 13: 2; 14: 4; 15: 8; 16: 16; 17: 32; 18: 64; 19: 128; 20: 256; 21: 512; 22: 1K; 23: 2K,0-based,1,41,0,23,LFO
elektron_syntakt_nrpn_35,elektron_syntakt,LFO2: Fade In/Out,,,Centered,1,42,0,127,LFO
elektron_syntakt_nrpn_36,elektron_syntakt,LFO2: Destination,,,0-based,1,43,0,127,LFO
elektron_syntakt_nrpn_37,elektron_syntakt,LFO2: Waveform,,0: Triangle; 1: Sine; 2: Square; 3: Saw; 4: Exponential; 5: Ramp; 6: Random,0-based,1,44,0,6,LFO
elektron_syntakt_nrpn_38,elektron_syntakt,LFO2: Start Phase,,,0-based,1,45,0,127,LFO
elektron_syntakt_nrpn_39,elektron_syntakt,LFO2: Trig Mode,,0: Free; 1: Trig; 2: Hold; 3: One; 4: Half,0-based,1,46,0,4,LFO
elektron_syntakt_nrpn_40,elektron_syntakt,LFO2: Depth,,,Centered,1,47,0,16383,LFO
elektron_syntakt_nrpn_41,elektron_syntakt,Delay: Time,,,0-based,2,0,0,127,FX: Delay
elektron_syntakt_nrpn_42,elektron_syntakt,Delay: Pingpong,,0: Off; 1: On,0-based,2,1,0,1,FX: Delay
elektron_syntakt_nrpn_43,elektron_syntakt,Delay: Stereo Width,,,Centered,2,2,0,127,FX: Delay
elektron_syntakt_nrpn_44,elektron_syntakt,Delay: Feedback,,,0-based,2,3,0,16256,FX: Delay
elektron_syntakt_nrpn_45,elektron_syntakt,Delay: Highpass Filter,,,0-based,2,4,0,16256,FX: Delay
elektron_syntakt_nrpn_46,elektron_syntakt,Delay: Lowpass Filter,,,0-based,2,5,0,16256,FX: Delay
elektron_syntakt_nrpn_47,elektron_syntakt,Delay: Reverb send,,,0-based,2,6,0,16256,FX: Delay
elektron_syntakt_nrpn_48,elektron_syntakt,Delay: Mix volume,,,0-based,2,7,0,16256,FX: Delay
elektron_syntakt_nrpn_49,elektron_syntakt,Reverb: Predelay,,,0-based,2,8,0,16256,FX: Reverb
elektron_syntakt_nrpn_50,elektron_syntakt,Reverb: Decay Time,,,0-based,2,9,0,16256,FX: Reverb
elektron_syntakt_nrpn_51,elektron_syntakt,Reverb: Shelving Frequency,,,0-based,2,10,0,16256,FX: Reverb
elektron_syntakt_nrpn_52,elektron_syntakt,Reverb: Shelving Gain,,,0-based,2,11,0,16256,FX: Reverb
elektron_syntakt_nrpn_53,elektron_syntakt,Reverb: Highpass Filter,,,0-based,2,12,0,16256,FX: Reverb
elektron_syntakt_nrpn_54,elektron_syntakt,Reverb: Lowpass Filter,,,0-based,2,13,0,16256,FX: Reverb
elektron_syntakt_nrpn_55,elektron_syntakt,Reverb: Mix Volume,,,0-based,2,15,0,16256,FX: Reverb
elektron_syntakt_nrpn_56,elektron_syntakt,Input: LR,,,0-based,2,30,0,16256,FX: External Mixer
elektron_syntakt_nrpn_57,elektron_syntakt,Input: Balance,,,Centered,2,32,0,127,FX: External Mixer
elektron_syntakt_nrpn_58,elektron_syntakt,Input: Delay Send,,,0-based,2,33,0,16256,FX: External Mixer
elektron_syntakt_nrpn_59,elektron_syntakt,Input: Reverb Send,,,0-based,2,35,0,16256,FX: External Mixer
elektron_syntakt_nrpn_60,elektron_syntakt,Input: FX Routing,,0: Pre; 1: Post,0-based,2,38,0,1,FX: External Mixer
elektron_syntakt_nrpn_61,elektron_syntakt,Pattern: Mute,,0: Unmuted; 1: Muted,0-based,1,104,0,1,Pattern
elektron_syntakt_nrpn_62,elektron_syntakt,AFX Synth: Drive,,,0-based,1,29,0,127,Analog FX: Synth
elektron_syntakt_nrpn_63,elektron_syntakt,AFX Filter: Frequency,,,0-based,1,20,0,16256,Analog FX: Filter
elektron_syntakt_nrpn_64,elektron_syntakt,AFX Filter: Resonance,,,0-based,1,21,0,16256,Analog FX: Filter
elektron_syntakt_nrpn_65,elektron_syntakt,AFX Filter: Type,,0: LP4; 1: LP2; 2: BP2; 3: HP2; 4: NO1; 5: NO2; 6: LPN; 7: Off,0-based,1,22,0,7,Analog FX: Filter
elektron_syntakt_nrpn_66,elektron_syntakt,AFX Amp: Attack Time,,,0-based,1,24,0,127,Analog FX: Amp
elektron_syntakt_nrpn_67,elektron_syntakt,AFX Amp: Hold Time,,,0-based,1,25,0,127,Analog FX: Amp
elektron_syntakt_nrpn_68,elektron_syntakt,AFX Amp: Decay Time,,,0-based,1,26,0,127,Analog FX: Amp
elektron_syntakt_nrpn_69,elektron_syntakt,AFX Amp: Sustain Level,,,0-based,1,27,0,127,Analog FX: Amp
elektron_syntakt_nrpn_70,elektron_syntakt,AFX Amp: Release Time,,,0-based,1,28,0,127,Analog FX: Amp
elektron_syntakt_nrpn_71,elektron_syntakt,AFX Amp: Delay Send,,,0-based,1,30,0,16256,Analog FX: Amp
elektron_syntakt_nrpn_72,elektron_syntakt,AFX Amp: Reverb Send,,,0-based,1,31,0,16256,Analog FX: Amp
elektron_syntakt_nrpn_73,elektron_syntakt,AFX Amp: Pan,,,Centered,1,32,0,127,Analog FX: Amp
elektron_syntakt_nrpn_74,elektron_syntakt,AFX Amp: Volume,,,0-based,1,33,0,16256,Analog FX: Amp
elektron_syntakt_nrpn_75,elektron_syntakt,AFX Amp: Envelope Depth,,,0-based,1,34,0,127,Analog FX: Amp
elektron_syntakt_nrpn_76,elektron_syntakt,AFX Amp: Mode,,0: AHD Negative; 1: AHD; 2: ADSR,0-based,1,35,0,2,Analog FX: Amp
elektron_syntakt_nrpn_77,elektron_syntakt,AFX Amp: Envelope Reset,,0: Off; 1: On,0-based,1,36,0,1,Analog FX: Amp
elektron_syntakt_nrpn_78,elektron_syntakt,General: Data entry knob A,,,0-based,1,1,0,127,Synth: General
elektron_syntakt_nrpn_79,elektron_syntakt,General: Data entry knob B,,,0-based,1,2,0,127,Synth: General
elektron_syntakt_nrpn_80,elektron_syntakt,General: Data entry knob C,,,0-based,1,3,0,127,Synth: General
elektron_syntakt_nrpn_81,elektron_syntakt,General: Data entry knob D,,,0-based,1,4,0,127,Synth: General
elektron_syntakt_nrpn_82,elektron_syntakt,General: Data entry knob E,,,0-based,1,5,0,127,Synth: General
elektron_syntakt_nrpn_83,elektron_syntakt,General: Data entry knob F,,,0-based,1,6,0,127,Synth: General
elektron_syntakt_nrpn_84,elektron_syntakt,General: Data entry knob G,,,0-based,1,7,0,127,Synth: General
elektron_syntakt_nrpn_85,elektron_syntakt,General: Data entry knob H,,,0-based,1,8,0,127,Synth: General
elektron_syntakt_nrpn_86,elektron_syntakt,BD Modern: Tune,,,Centered,1,1,5120,11264,Synth: BD Modern
elektron_syntakt_nrpn_87,elektron_syntakt,BD Modern: Pitch Sweep,,,0-based,1,2,0,127,Synth: BD Modern
elektron_syntakt_nrpn_88,elektron_syntakt,BD Modern: Punch,,0: Off; 1: On,0-based,1,3,0,1,Synth: BD Modern
elektron_syntakt_nrpn_89,elektron_syntakt,BD Modern: Decay,,,0-based,1,4,0,127,Synth: BD Modern
elektron_syntakt_nrpn_90,elektron_syntakt,BD Modern: Square Modulation,,,0-based,1,5,0,127,Synth: BD Modern
elektron_syntakt_nrpn_91,elektron_syntakt,BD Modern: Triangle Modulation,,,0-based,1,6,0,127,Synth: BD Modern
elektron_syntakt_nrpn_92,elektron_syntakt,BD Modern: Modulation Envelope,,,0-based,1,7,0,127,Synth: BD Modern
elektron_syntakt_nrpn_93,elektron_syntakt,BD Modern: Overdrive,,,0-based,1,8,0,127,Synth: BD Modern
elektron_syntakt_nrpn_94,elektron_syntakt,BD Hard: Tune,,,Centered,1,1,5120,11264,Synth: BD Hard
elektron_syntakt_nrpn_95,elektron_syntakt,BD Hard: Sweep Time,,,0-based,1,2,0,127,Synth: BD Hard
elektron_syntakt_nrpn_96,elektron_syntakt,BD Hard: Snap Amount,,,0-based,1,3,0,127,Synth: BD Hard
elektron_syntakt_nrpn_97,elektron_syntakt,BD Hard: Decay,,0~126: Time; 127: Infinite,0-based,1,4,0,127,Synth: BD Hard
elektron_syntakt_nrpn_98,elektron_syntakt,BD Hard: Waveform,,0: Sine; 1: Asymmetric Sine; 2: Triangle,0-based,1,5,0,2,Synth: BD Hard
elektron_syntakt_nrpn_99,elektron_syntakt,BD Hard: Hold Time,,,0-based,1,6,0,127,Synth: BD Hard
elektron_syntakt_nrpn_100,elektron_syntakt,BD Hard: Tick Level,,,0-based,1,7,0,127,Synth: BD Hard
elektron_syntakt_nrpn_101,elektron_syntakt,BD Hard: Overdrive,,,0-based,1,8,0,127,Synth: BD Hard
elektron_syntakt_nrpn_102,elektron_syntakt,BD Classic: Tune,,,Centered,1,1,5120,11264,Synth: BD Classic
elektron_syntakt_nrpn_103,elektron_syntakt,BD Classic: Sweep Time,,,0-based,1,2,0,127,Synth: BD Classic
elektron_syntakt_nrpn_104,elektron_syntakt,BD Classic: Sweep Depth,,,0-based,1,3,0,127,Synth: BD Classic
elektron_syntakt_nrpn_105,elektron_syntakt,BD Classic: Decay,,0~126: Time; 127: Infinite,0-based,1,4,0,127,Synth: BD Classic
elektron_syntakt_nrpn_106,elektron_syntakt,BD Classic: Waveform,,0: Sine; 1: Asymmetric Sine; 2: Triangle,0-based,1,5,0,2,Synth: BD Classic
elektron_syntakt_nrpn_107,elektron_syntakt,BD Classic: Hold Time,,,0-based,1,6,0,127,Synth: BD Classic
elektron_syntakt_nrpn_108,elektron_syntakt,BD Classic: Transient,,0: Off; 1~5: Tic; 6~10: A1; 11~15: B1; 16~20: C1; 21~25: D1; 26~30: E1; 31~35: A2; 36~40: B2; 41~45: C2; 46~50: D2; 51~55: E2,0-based,1,7,0,55,Synth: BD Classic
elektron_syntakt_nrpn_109,elektron_syntakt,BD Classic: Overdrive,,,0-based,1,8,0,127,Synth: BD Classic
elektron_syntakt_nrpn_110,elektron_syntakt,BD FM: Tune,,,Centered,1,1,5120,11264,Synth: BD FM
elektron_syntakt_nrpn_111,elektron_syntakt,BD FM: Sweep Time,,,0-based,1,2,0,127,Synth: BD FM
elektron_syntakt_nrpn_112,elektron_syntakt,BD FM: FM Decay,,,0-based,1,3,0,127,Synth: BD FM
elektron_syntakt_nrpn_113,elektron_syntakt,BD FM: Decay,,,0-based,1,4,0,127,Synth: BD FM
elektron_syntakt_nrpn_114,elektron_syntakt,BD FM: FM Tune,,,Centered,1,5,0,127,Synth: BD FM
elektron_syntakt_nrpn_115,elektron_syntakt,BD FM: FM Sweep Time,,,0-based,1,6,0,127,Synth: BD FM
elektron_syntakt_nrpn_116,elektron_syntakt,BD FM: FM Amount,,,0-based,1,7,0,127,Synth: BD FM
elektron_syntakt_nrpn_117,elektron_syntakt,BD FM: Overdrive,,,0-based,1,8,0,127,Synth: BD FM
elektron_syntakt_nrpn_118,elektron_syntakt,BD Plastic: Tune,,,Centered,1,1,5120,11264,Synth: BD Plastic
elektron_syntakt_nrpn_119,elektron_syntakt,BD Plastic: Sweep Time,,,0-based,1,2,0,127,Synth: BD Plastic
elektron_syntakt_nrpn_120,elektron_syntakt,BD Plastic: Sweep Depth,,,0-based,1,3,0,127,Synth: BD Plastic
elektron_syntakt_nrpn_121,elektron_syntakt,BD Plastic: Decay,,,0-based,1,4,0,127,Synth: BD Plastic
elektron_syntakt_nrpn_122,elektron_syntakt,BD Plastic: Modulation Type,,0: Osc Frequency Modulation; 1: FM & Ring Modulation,0-based,1,5,0,1,Synth: BD Plastic
elektron_syntakt_nrpn_123,elektron_syntakt,BD Plastic: Modulation Level,,,0-based,1,6,0,127,Synth: BD Plastic
elektron_syntakt_nrpn_124,elektron_syntakt,BD Plastic: Tick Level,,,0-based,1,7,0,127,Synth: BD Plastic
elektron_syntakt_nrpn_125,elektron_syntakt,BD Plastic: Overdrive,,,0-based,1,8,0,127,Synth: BD Plastic
elektron_syntakt_nrpn_126,elektron_syntakt,BD Silky: Tune,,,Centered,1,1,5120,11264,Synth: BD Silky
elektron_syntakt_nrpn_127,elektron_syntakt,BD Silky: Sweep Time,,,0-based,1,2,0,127,Synth: BD Silky
elektron_syntakt_nrpn_128,elektron_syntakt,BD Silky: Sweep Depth,,,0-based,1,3,0,127,Synth: BD Silky
elektron_syntakt_nrpn_129,elektron_syntakt,BD Silky: Decay,,,0-based,1,4,0,127,Synth: BD Silky
elektron_syntakt_nrpn_130,elektron_syntakt,BD Silky: Dust Level,,,0-based,1,5,0,127,Synth: BD Silky
elektron_syntakt_nrpn_131,elektron_syntakt,BD Silky: Hold Time,,,0-based,1,6,0,127,Synth: BD Silky
elektron_syntakt_nrpn_132,elektron_syntakt,BD Silky: VCO Click,,,0-based,1,7,0,127,Synth: BD Silky
elektron_syntakt_nrpn_133,elektron_syntakt,BD Silky: Overdrive,,,0-based,1,8,0,127,Synth: BD Silky
elektron_syntakt_nrpn_134,elektron_syntakt,BD Sharp: Tune,,,Centered,1,1,5120,11264,Synth: BD Sharp
elektron_syntakt_nrpn_135,elektron_syntakt,BD Sharp: Sweep Time,,,0-based,1,2,0,127,Synth: BD Sharp
elektron_syntakt_nrpn_136,elektron_syntakt,BD Sharp: Sweep Depth,,,0-based,1,3,0,127,Synth: BD Sharp
elektron_syntakt_nrpn_137,elektron_syntakt,BD Sharp: Decay,,,0-based,1,4,0,127,Synth: BD Sharp
elektron_syntakt_nrpn_138,elektron_syntakt,BD Sharp: Waveform,,0: Sine (reset); 1: Sine (free); 2: Asymmetric Sine (reset); 3: Asymmetric Sine (free); 4: Triangle (reset); 5: Triangle (free); 6: Sinetooth (reset); 7: Sinetooth (free); 8: Sawtooth (reset); 9: Sawtooth (free); 10: Square (reset); 11: Square (free),0-based,1,5,0,11,Synth: BD Sharp
elektron_syntakt_nrpn_139,elektron_syntakt,BD Sharp: Hold Time,,,0-based,1,6,0,127,Synth: BD Sharp
elektron_syntakt_nrpn_140,elektron_syntakt,BD Sharp: Tick Level,,,0-based,1,7,0,127,Synth: BD Sharp
elektron_syntakt_nrpn_141,elektron_syntakt,BD Sharp: Overdrive,,,0-based,1,8,0,127,Synth: BD Sharp
elektron_syntakt_nrpn_142,elektron_syntakt,BD Acoustic: Tune,,,Centered,1,1,40,88,Synth: BD Acoustic
elektron_syntakt_nrpn_143,elektron_syntakt,BD Acoustic: Sweep Time,,,0-based,1,4,0,127,Synth: BD Acoustic
elektron_syntakt_nrpn_144,elektron_syntakt,BD Acoustic: Sweep Depth,,,0-based,1,3,0,127,Synth: BD Acoustic
elektron_syntakt_nrpn_145,elektron_syntakt,BD Acoustic: Decay,,,0-based,1,2,0,127,Synth: BD Acoustic
elektron_syntakt_nrpn_146,elektron_syntakt,BD Acoustic: Hold Time,,,0-based,1,5,0,127,Synth: BD Acoustic
elektron_syntakt_nrpn_147,elektron_syntakt,BD Acoustic: Impact,,,0-based,1,6,0,127,Synth: BD Acoustic
elektron_syntakt_nrpn_148,elektron_syntakt,BD Acoustic: Waveform,,0: Sine (reset); 1: Sine (free); 2: Asymmetric Sine (reset); 3: Asymmetric Sine (free); 4: Triangle (reset); 5: Triangle (free); 6: Sinetooth (reset); 7: Sinetooth (free); 8: Sawtooth (reset); 9: Sawtooth (free); 10: Square (reset); 11: Square (free),0-based,1,7,0,11,Synth: BD Acoustic
elektron_syntakt_nrpn_149,elektron_syntakt,BD Acoustic: Level,,,0-based,1,0,0,127,Synth: BD Acoustic
elektron_syntakt_nrpn_150,elektron_syntakt,SD Basic: Tune,,,Centered,1,1,5120,11264,Synth: SD Basic
elektron_syntakt_nrpn_151,elektron_syntakt,SD Basic: Pitch Sweep,,,0-based,1,2,0,127,Synth: SD Basic
elektron_syntakt_nrpn_152,elektron_syntakt,SD Basic: Punch,,0: Off; 1: On,0-based,1,3,0,1,Synth: SD Basic
elektron_syntakt_nrpn_153,elektron_syntakt,SD Basic: Decay,,,0-based,1,4,0,127,Synth: SD Basic
elektron_syntakt_nrpn_154,elektron_syntakt,SD Basic: Inharmonicity,,,0-based,1,5,0,127,Synth: SD Basic
elektron_syntakt_nrpn_155,elektron_syntakt,SD Basic: Modulation Feedback,,,0-based,1,6,0,127,Synth: SD Basic
elektron_syntakt_nrpn_156,elektron_syntakt,SD Basic: Modulation Envelope,,,0-based,1,7,0,127,Synth: SD Basic
elektron_syntakt_nrpn_157,elektron_syntakt,SD Basic: Overdrive,,,0-based,1,8,0,127,Synth: SD Basic
elektron_syntakt_nrpn_158,elektron_syntakt,SD Vintage: Tune,,,Centered,1,1,5120,11264,Synth: SD Vintage
elektron_syntakt_nrpn_159,elektron_syntakt,SD Vintage: Pitch Sweep,,,0-based,1,2,0,127,Synth: SD Vintage
elektron_syntakt_nrpn_160,elektron_syntakt,SD Vintage: Punch,,0: Off; 1: On,0-based,1,3,0,1,Synth: SD Vintage
elektron_syntakt_nrpn_161,elektron_syntakt,SD Vintage: Decay,,,0-based,1,4,0,127,Synth: SD Vintage
elektron_syntakt_nrpn_162,elektron_syntakt,SD Vintage: Inharmonicity,,,0-based,1,5,0,127,Synth: SD Vintage
elektron_syntakt_nrpn_163,elektron_syntakt,SD Vintage: Frequency Complexity,,,0-based,1,6,0,127,Synth: SD Vintage
elektron_syntakt_nrpn_164,elektron_syntakt,SD Vintage: Modulation Envelope,,,0-based,1,7,0,127,Synth: SD Vintage
elektron_syntakt_nrpn_165,elektron_syntakt,SD Vintage: Overdrive,,,0-based,1,8,0,127,Synth: SD Vintage
elektron_syntakt_nrpn_166,elektron_syntakt,SD Hard: Tune,,,Centered,1,1,5120,11264,Synth: SD Hard
elektron_syntakt_nrpn_167,elektron_syntakt,SD Hard: Sweep Time,,,0-based,1,2,0,127,Synth: SD Hard
elektron_syntakt_nrpn_168,elektron_syntakt,SD Hard: Sweep Depth,,,0-based,1,3,0,127,Synth: SD Hard
elektron_syntakt_nrpn_169,elektron_syntakt,SD Hard: Decay,,,0-based,1,4,0,127,Synth: SD Hard
elektron_syntakt_nrpn_170,elektron_syntakt,SD Hard: Tick Level,,,0-based,1,5,0,127,Synth: SD Hard
elektron_syntakt_nrpn_171,elektron_syntakt,SD Hard: Noise Decay,,,0-based,1,6,0,127,Synth: SD Hard
elektron_syntakt_nrpn_172,elektron_syntakt,SD Hard: Noise Level,,,0-based,1,7,0,127,Synth: SD Hard
elektron_syntakt_nrpn_173,elektron_syntakt,SD Hard: Overdrive,,,0-based,1,8,0,127,Synth: SD Hard
elektron_syntakt_nrpn_174,elektron_syntakt,SD Classic: Tune,,,Centered,1,1,5120,11264,Synth: SD Classic
elektron_syntakt_nrpn_175,elektron_syntakt,SD Classic: Detune,,,0-based,1,2,0,127,Synth: SD Classic
elektron_syntakt_nrpn_176,elektron_syntakt,SD Classic: Osc Balance,,,0-based,1,3,0,127,Synth: SD Classic
elektron_syntakt_nrpn_177,elektron_syntakt,SD Classic: Decay,,,0-based,1,4,0,127,Synth: SD Classic
elektron_syntakt_nrpn_178,elektron_syntakt,SD Classic: Snap Amount,,,0-based,1,5,0,127,Synth: SD Classic
elektron_syntakt_nrpn_179,elektron_syntakt,SD Classic: Noise Decay,,,0-based,1,6,0,127,Synth: SD Classic
elektron_syntakt_nrpn_180,elektron_syntakt,SD Classic: Noise Level,,,0-based,1,7,0,127,Synth: SD Classic
elektron_syntakt_nrpn_181,elektron_syntakt,SD Classic: Overdrive,,,0-based,1,8,0,127,Synth: SD Classic
elektron_syntakt_nrpn_182,elektron_syntakt,SD FM: Tune,,,Centered,1,1,5120,11264,Synth: SD FM
elektron_syntakt_nrpn_183,elektron_syntakt,SD FM: FM Tune,,,Centered,1,2,0,127,Synth: SD FM
elektron_syntakt_nrpn_184,elektron_syntakt,SD FM: FM Decay Time,,,0-based,1,3,0,127,Synth: SD FM
elektron_syntakt_nrpn_185,elektron_syntakt,SD FM: Decay,,,0-based,1,4,0,127,Synth: SD FM
elektron_syntakt_nrpn_186,elektron_syntakt,SD FM: FM Amount,,,0-based,1,5,0,127,Synth: SD FM
elektron_syntakt_nrpn_187,elektron_syntakt,SD FM: Noise Decay,,,0-based,1,6,0,127,Synth: SD FM
elektron_syntakt_nrpn_188,elektron_syntakt,SD FM: Noise Level,,,0-based,1,7,0,127,Synth: SD FM
elektron_syntakt_nrpn_189,elektron_syntakt,SD FM: Overdrive,,,0-based,1,8,0,127,Synth: SD FM
elektron_syntakt_nrpn_190,elektron_syntakt,SD Natural: Tune,,,Centered,1,1,5120,11264,Synth: SD Natural
elektron_syntakt_nrpn_191,elektron_syntakt,SD Natural: Noise Decay,,,0-based,1,2,0,127,Synth: SD Natural
elektron_syntakt_nrpn_192,elektron_syntakt,SD Natural: Noise Balance,,,0-based,1,3,0,127,Synth: SD Natural
elektron_syntakt_nrpn_193,elektron_syntakt,SD Natural: Decay Time,,,0-based,1,4,0,127,Synth: SD Natural
elektron_syntakt_nrpn_194,elektron_syntakt,SD Natural: Noise HPF Frequency,,,0-based,1,5,0,127,Synth: SD Natural
elektron_syntakt_nrpn_195,elektron_syntakt,SD Natural: Noise LPF Frequency,,,0-based,1,6,0,127,Synth: SD Natural
elektron_syntakt_nrpn_196,elektron_syntakt,SD Natural: Noise LPF Resonance,,,0-based,1,7,0,127,Synth: SD Natural
elektron_syntakt_nrpn_197,elektron_syntakt,SD Natural: Overdrive,,,0-based,1,8,0,127,Synth: SD Natural
elektron_syntakt_nrpn_198,elektron_syntakt,SD Acoustic: Tune,,,Centered,1,1,0,127,Synth: SD Acoustic
elektron_syntakt_nrpn_199,elektron_syntakt,SD Acoustic: Noise Decay,,,0-based,1,3,0,127,Synth: SD Acoustic
elektron_syntakt_nrpn_200,elektron_syntakt,SD Acoustic: Noise Level,,,0-based,1,5,0,127,Synth: SD Acoustic
elektron_syntakt_nrpn_201,elektron_syntakt,SD Acoustic: Body Decay,,,0-based,1,2,0,127,Synth: SD Acoustic
elektron_syntakt_nrpn_202,elektron_syntakt,SD Acoustic: Hold Time,,,0-based,1,4,0,127,Synth: SD Acoustic
elektron_syntakt_nrpn_203,elektron_syntakt,SD Acoustic: Impact,,,0-based,1,6,0,127,Synth: SD Acoustic
elektron_syntakt_nrpn_204,elektron_syntakt,SD Acoustic: Sweep Depth,,,0-based,1,7,0,127,Synth: SD Acoustic
elektron_syntakt_nrpn_205,elektron_syntakt,SD Acoustic: Overdrive,,,0-based,1,0,0,127,Synth: SD Acoustic
elektron_syntakt_nrpn_206,elektron_syntakt,RS Hard: Tune,,,Centered,1,1,5120,11264,Synth: RS Hard
elektron_syntakt_nrpn_207,elektron_syntakt,RS Hard: Sweep Time,,,0-based,1,2,0,127,Synth: RS Hard
elektron_syntakt_nrpn_208,elektron_syntakt,RS Hard: Sweep Depth,,,0-based,1,3,0,127,Synth: RS Hard
elektron_syntakt_nrpn_209,elektron_syntakt,RS Hard: Decay,,,0-based,1,4,0,127,Synth: RS Hard
elektron_syntakt_nrpn_210,elektron_syntakt,RS Hard: Tick Level,,,0-based,1,6,0,127,Synth: RS Hard
elektron_syntakt_nrpn_211,elektron_syntakt,RS Hard: Noise Level,,,0-based,1,7,0,127,Synth: RS Hard
elektron_syntakt_nrpn_212,elektron_syntakt,RS Hard: Overdrive,,,0-based,1,8,0,127,Synth: RS Hard
elektron_syntakt_nrpn_213,elektron_syntakt,RS Classic: Tune Osc1,,,Centered,1,1,5120,11264,Synth: RS Classic
elektron_syntakt_nrpn_214,elektron_syntakt,RS Classic: Tine Osc2,,,Centered,1,2,4096,12288,Synth: RS Classic
elektron_syntakt_nrpn_215,elektron_syntakt,RS Classic: Osc Balance,,,0-based,1,3,0,127,Synth: RS Classic
elektron_syntakt_nrpn_216,elektron_syntakt,RS Classic: Decay,,,0-based,1,4,0,127,Synth: RS Classic
elektron_syntakt_nrpn_217,elektron_syntakt,RS Classic: Tick Level,,,0-based,1,6,0,127,Synth: RS Classic
elektron_syntakt_nrpn_218,elektron_syntakt,RS Classic: Noise Level,,,0-based,1,7,0,127,Synth: RS Classic
elektron_syntakt_nrpn_219,elektron_syntakt,RS Classic: Overdrive,,,0-based,1,8,0,127,Synth: RS Classic
elektron_syntakt_nrpn_220,elektron_syntakt,PC Carbon: Tune,,,Centered,1,1,5120,11264,Synth: PC Carbon
elektron_syntakt_nrpn_221,elektron_syntakt,PC Carbon: Pitch Sweep,,,0-based,1,2,0,127,Synth: PC Carbon
elektron_syntakt_nrpn_222,elektron_syntakt,PC Carbon: Punch,,0: Off; 1: On,0-based,1,3,0,1,Synth: PC Carbon
elektron_syntakt_nrpn_223,elektron_syntakt,PC Carbon: Decay,,,0-based,1,4,0,127,Synth: PC Carbon
elektron_syntakt_nrpn_224,elektron_syntakt,PC Carbon: Inharmonicity,,,0-based,1,5,0,127,Synth: PC Carbon
elektron_syntakt_nrpn_225,elektron_syntakt,PC Carbon: Modulation,,,0-based,1,6,0,127,Synth: PC Carbon
elektron_syntakt_nrpn_226,elektron_syntakt,PC Carbon: Modulation Envelope,,,0-based,1,7,0,127,Synth: PC Carbon
elektron_syntakt_nrpn_227,elektron_syntakt,PC Carbon: Overdrive,,,0-based,1,8,0,127,Synth: PC Carbon
elektron_syntakt_nrpn_228,elektron_syntakt,CP Vintage: Tune,,,Centered,1,1,5120,11264,Synth: CP Vintage
elektron_syntakt_nrpn_229,elektron_syntakt,CP Vintage: Spacing/Crunch,,,0-based,1,2,0,127,Synth: CP Vintage
elektron_syntakt_nrpn_230,elektron_syntakt,CP Vintage: Punch,,0: Off; 1: On,0-based,1,3,0,1,Synth: CP Vintage
elektron_syntakt_nrpn_231,elektron_syntakt,CP Vintage: Decay,,,0-based,1,4,0,127,Synth: CP Vintage
elektron_syntakt_nrpn_232,elektron_syntakt,CP Vintage: Balance,,,0-based,1,5,0,127,Synth: CP Vintage
elektron_syntakt_nrpn_233,elektron_syntakt,CP Vintage: Body Character,,,0-based,1,6,0,127,Synth: CP Vintage
elektron_syntakt_nrpn_234,elektron_syntakt,CP Vintage: Body Envelope,,,0-based,1,7,0,127,Synth: CP Vintage
elektron_syntakt_nrpn_235,elektron_syntakt,CP Vintage: Overdrive,,,0-based,1,8,0,127,Synth: CP Vintage
elektron_syntakt_nrpn_236,elektron_syntakt,CY Alloy: Tune,,,Centered,1,1,5120,11264,Synth: CY Alloy
elektron_syntakt_nrpn_237,elektron_syntakt,CY Alloy: Shimmer,,,0-based,1,2,0,127,Synth: CY Alloy
elektron_syntakt_nrpn_238,elektron_syntakt,CY Alloy: Punch,,0: Off; 1: On,0-based,1,3,0,1,Synth: CY Alloy
elektron_syntakt_nrpn_239,elektron_syntakt,CY Alloy: Decay,,,0-based,1,4,0,127,Synth: CY Alloy
elektron_syntakt_nrpn_240,elektron_syntakt,CY Alloy: Radio,,,0-based,1,5,0,127,Synth: CY Alloy
elektron_syntakt_nrpn_241,elektron_syntakt,CY Alloy: Modulation,,,0-based,1,6,0,127,Synth: CY Alloy
elektron_syntakt_nrpn_242,elektron_syntakt,CY Alloy: Modulation Envelope,,,0-based,1,7,0,127,Synth: CY Alloy
elektron_syntakt_nrpn_243,elektron_syntakt,CY Alloy: Overdrive,,,0-based,1,8,0,127,Synth: CY Alloy
elektron_syntakt_nrpn_244,elektron_syntakt,CH Classic: Tune,,,Centered,1,1,5120,11264,Synth: CH Classic
elektron_syntakt_nrpn_245,elektron_syntakt,CH Classic: Decay,,,0-based,1,4,0,127,Synth: CH Classic
elektron_syntakt_nrpn_246,elektron_syntakt,CH Classic: Noise Level,,,Centered,1,7,0,127,Synth: CH Classic
elektron_syntakt_nrpn_247,elektron_syntakt,CH Classic: Overdrive,,,0-based,1,8,0,127,Synth: CH Classic
elektron_syntakt_nrpn_248,elektron_syntakt,OH Classic: Tune,,,Centered,1,1,5120,11264,Synth: OH Classic
elektron_syntakt_nrpn_249,elektron_syntakt,OH Classic: Decay,,,0-based,1,4,0,127,Synth: OH Classic
elektron_syntakt_nrpn_250,elektron_syntakt,OH Classic: Noise Level,,,Centered,1,7,0,127,Synth: OH Classic
elektron_syntakt_nrpn_251,elektron_syntakt,OH Classic: Overdrive,,,0-based,1,8,0,127,Synth: OH Classic
elektron_syntakt_nrpn_252,elektron_syntakt,CH Metallic: Tune,,,Centered,1,1,5120,11264,Synth: CH Metallic
elektron_syntakt_nrpn_253,elektron_syntakt,CH Metallic: Decay,,,0-based,1,4,0,127,Synth: CH Metallic
elektron_syntakt_nrpn_254,elektron_syntakt,CH Metallic: Overdrive,,,0-based,1,8,0,127,Synth: CH Metallic
elektron_syntakt_nrpn_255,elektron_syntakt,OH Metallic: Tune,,,Centered,1,1,5120,11264,Synth: OH Metallic
elektron_syntakt_nrpn_256,elektron_syntakt,OH Metallic: Decay,,,0-based,1,4,0,127,Synth: OH Metallic
elektron_syntakt_nrpn_257,elektron_syntakt,OH Metallic: Overdrive,,,0-based,1,8,0,127,Synth: OH Metallic
elektron_syntakt_nrpn_258,elektron_syntakt,HH Basic: Tune,,,Centered,1,1,0,127,Synth: HH Basic
elektron_syntakt_nrpn_259,elektron_syntakt,HH Basic: Tone,,,Centered,1,3,0,127,Synth: HH Basic
elektron_syntakt_nrpn_260,elektron_syntakt,HH Basic: Transient Decay,,,0-based,1,4,0,127,Synth: HH Basic
elektron_syntakt_nrpn_261,elektron_syntakt,HH Basic: Decay,,,0-based,1,2,0,127,Synth: HH Basic
elektron_syntakt_nrpn_262,elektron_syntakt,HH Basic: Osc Reset,,0: Off; 1: On,0-based,1,5,0,1,Synth: HH Basic
elektron_syntakt_nrpn_263,elektron_syntakt,HH Basic: Level,,,0-based,1,0,0,127,Synth: HH Basic
elektron_syntakt_nrpn_264,elektron_syntakt,HH Lab: Tune 1,,,Centered,1,1,0,127,Synth: HH Lab
elektron_syntakt_nrpn_265,elektron_syntakt,HH Lab: Decay,,,0-based,1,2,0,127,Synth: HH Lab
elektron_syntakt_nrpn_266,elektron_syntakt,HH Lab: Tune 2,,,Centered,1,3,0,127,Synth: HH Lab
elektron_syntakt_nrpn_267,elektron_syntakt,HH Lab: Tune 3,,,Centered,1,4,0,127,Synth: HH Lab
elektron_syntakt_nrpn_268,elektron_syntakt,HH Lab: Tune 4,,,Centered,1,5,0,127,Synth: HH Lab
elektron_syntakt_nrpn_269,elektron_syntakt,HH Lab: Tune 5,,,Centered,1,6,0,127,Synth: HH Lab
elektron_syntakt_nrpn_270,elektron_syntakt,HH Lab: Tune 6,,,Centered,1,7,0,127,Synth: HH Lab
elektron_syntakt_nrpn_271,elektron_syntakt,HH Lab: Level,,,0-based,1,0,0,127,Synth: HH Lab
elektron_syntakt_nrpn_272,elektron_syntakt,CY Classic: Tune,,,Centered,1,1,5120,11264,Synth: CY Classic
elektron_syntakt_nrpn_273,elektron_syntakt,CY Classic: Tone,,,Centered,1,2,0,127,Synth: CY Classic
elektron_syntakt_nrpn_274,elektron_syntakt,CY Classic: Decay,,,0-based,1,4,0,127,Synth: CY Classic
elektron_syntakt_nrpn_275,elektron_syntakt,CY Classic: Noise Level,,,Centered,1,7,0,127,Synth: CY Classic
elektron_syntakt_nrpn_276,elektron_syntakt,CY Classic: Overdrive,,,0-based,1,8,0,127,Synth: CY Classic
elektron_syntakt_nrpn_277,elektron_syntakt,CY Metallic: Tune,,,Centered,1,1,5120,11264,Synth: CY Metallic
elektron_syntakt_nrpn_278,elektron_syntakt,CY Metallic: Tone,,,Centered,1,2,0,127,Synth: CY Metallic
elektron_syntakt_nrpn_279,elektron_syntakt,CY Metallic: Transient Decay,,,0-based,1,3,0,127,Synth: CY Metallic
elektron_syntakt_nrpn_280,elektron_syntakt,CY Metallic: Decay,,,0-based,1,4,0,127,Synth: CY Metallic
elektron_syntakt_nrpn_281,elektron_syntakt,CY Metallic: Overdrive,,,0-based,1,8,0,127,Synth: CY Metallic
elektron_syntakt_nrpn_282,elektron_syntakt,CY Ride: Tune,,,Centered,1,1,5120,11264,Synth: CY Ride
elektron_syntakt_nrpn_283,elektron_syntakt,CY Ride: Cymbal Type,,0: A; 1: B; 2: C; 3: D,0-based,1,2,0,3,Synth: CY Ride
elektron_syntakt_nrpn_284,elektron_syntakt,CY Ride: Hit Decay,,,0-based,1,3,0,127,Synth: CY Ride
elektron_syntakt_nrpn_285,elektron_syntakt,CY Ride: Decay,,,0-based,1,4,0,127,Synth: CY Ride
elektron_syntakt_nrpn_286,elektron_syntakt,CY Ride: Hit,,,0-based,1,5,0,127,Synth: CY Ride
elektron_syntakt_nrpn_287,elektron_syntakt,CY Ride: Timbral Level,,,0-based,1,6,0,127,Synth: CY Ride
elektron_syntakt_nrpn_288,elektron_syntakt,CY Ride: Wash Level,,,0-based,1,7,0,127,Synth: CY Ride
elektron_syntakt_nrpn_289,elektron_syntakt,CY Ride: Overdrive,,,0-based,1,8,0,127,Synth: CY Ride
elektron_syntakt_nrpn_290,elektron_syntakt,CB Classic: Tune,,,Centered,1,1,5120,11264,Synth: CB Classic
elektron_syntakt_nrpn_291,elektron_syntakt,CB Classic: Decay,,,0-based,1,4,0,127,Synth: CB Classic
elektron_syntakt_nrpn_292,elektron_syntakt,CB Classic: Detune,,,0-based,1,5,0,127,Synth: CB Classic
elektron_syntakt_nrpn_293,elektron_syntakt,CB Classic: Overdrive,,,0-based,1,8,0,127,Synth: CB Classic
elektron_syntakt_nrpn_294,elektron_syntakt,CB Metallic: Tune,,,Centered,1,1,5120,11264,Synth: CB Metallic
elektron_syntakt_nrpn_295,elektron_syntakt,CB Metallic: Decay,,,0-based,1,4,0,127,Synth: CB Metallic
elektron_syntakt_nrpn_296,elektron_syntakt,CB Metallic: Detune,,,0-based,1,5,0,127,Synth: CB Metallic
elektron_syntakt_nrpn_297,elektron_syntakt,CB Metallic: Overdrive,,,0-based,1,8,0,127,Synth: CB Metallic
elektron_syntakt_nrpn_298,elektron_syntakt,SY Bits: Tune,,,Centered,1,1,5120,11264,Synth: SY Bits
elektron_syntakt_nrpn_299,elektron_syntakt,SY Bits: Osc 2 Detune,,,Centered,1,2,5120,11264,Synth: SY Bits
elektron_syntakt_nrpn_300,elektron_syntakt,SY Bits: Balance,,0: Off; 1: On,0-based,1,3,0,1,Synth: SY Bits
elektron_syntakt_nrpn_301,elektron_syntakt,SY Bits: Decay,,,0-based,1,4,0,127,Synth: SY Bits
elektron_syntakt_nrpn_302,elektron_syntakt,SY Bits: Wave,,,0-based,1,5,0,127,Synth: SY Bits
elektron_syntakt_nrpn_303,elektron_syntakt,SY Bits: Sample Rate Reduction,,,0-based,1,6,0,127,Synth: SY Bits
elektron_syntakt_nrpn_304,elektron_syntakt,SY Bits: Bit Reduction,,,0-based,1,7,0,127,Synth: SY Bits
elektron_syntakt_nrpn_305,elektron_syntakt,SY Bits: Overdrive,,,0-based,1,8,0,127,Synth: SY Bits
elektron_syntakt_nrpn_306,elektron_syntakt,SY Chord: Tune,,,Centered,1,1,5120,11264,Synth: SY Chord
elektron_syntakt_nrpn_307,elektron_syntakt,SY Chord: Wave Sweep,,,0-based,1,2,0,127,Synth: SY Chord
elektron_syntakt_nrpn_308,elektron_syntakt,SY Chord: Punch,,0: Off; 1: On,0-based,1,3,0,1,Synth: SY Chord
elektron_syntakt_nrpn_309,elektron_syntakt,SY Chord: Decay,,,0-based,1,4,0,127,Synth: SY Chord
elektron_syntakt_nrpn_310,elektron_syntakt,SY Chord: Type,,0: Unison × 2; 1: Unison × 3; 2: Unison × 4; 3: minor; 4: Major; 5: sus2; 6: sus4; 7: m7; 8: M7; 9: mMaj7; 10: Maj7; 11: 7sus4; 12: dim7; 13: madd9; 14: Madd9; 15: m6; 16: M6; 17: mb5; 18: Mb5; 19: m7b5; 20: M7b5; 21: M#5; 22: m7#5; 23: M7#5; 24: mb6; 25: m9no5; 26: M9no5; 27: Madd9b5; 28: Maj7b5; 29: M7b9no5; 30: sus4#5b9; 31: sus4add#5; 32: Maddb5; 33: M6add4no5; 34: Maj7/6no5; 35: Maj9no5; 36: Fourth; 37: Fifth,0-based,1,5,0,37,Synth: SY Chord
elektron_syntakt_nrpn_311,elektron_syntakt,SY Chord: Chord/Osc Balance,,32: Root; 62: Inv 1; 74: Inv 2; 84: Inv 3; 0~127: Balance,0-based,1,6,0,127,Synth: SY Chord
elektron_syntakt_nrpn_312,elektron_syntakt,SY Chord: Filter Envelope,,,0-based,1,7,0,127,Synth: SY Chord
elektron_syntakt_nrpn_313,elektron_syntakt,SY Chord: Overdrive,,,0-based,1,8,0,127,Synth: SY Chord
elektron_syntakt_nrpn_314,elektron_syntakt,SY Tone: Tune,,,Centered,1,1,5120,11264,Synth: SY Tone
elektron_syntakt_nrpn_315,elektron_syntakt,SY Tone: Ratio,,,0-based,1,2,0,127,Synth: SY Tone
elektron_syntakt_nrpn_316,elektron_syntakt,SY Tone: Punch,,0: Off; 1: On,0-based,1,3,0,1,Synth: SY Tone
elektron_syntakt_nrpn_317,elektron_syntakt,SY Tone: Decay,,,0-based,1,4,0,127,Synth: SY Tone
elektron_syntakt_nrpn_318,elektron_syntakt,SY Tone: Feedback,,,0-based,1,5,0,127,Synth: SY Tone
elektron_syntakt_nrpn_319,elektron_syntakt,SY Tone: Modulation,,,0-based,1,6,0,127,Synth: SY Tone
elektron_syntakt_nrpn_320,elektron_syntakt,SY Tone: Modulation Envelope,,,0-based,1,7,0,127,Synth: SY Tone
elektron_syntakt_nrpn_321,elektron_syntakt,SY Tone: Overdrive,,,0-based,1,8,0,127,Synth: SY Tone
elektron_syntakt_nrpn_322,elektron_syntakt,SY Toy: Tune,,,Centered,1,1,5120,11264,Synth: SY Toy
elektron_syntakt_nrpn_323,elektron_syntakt,SY Toy: Form,,,0-based,1,2,0,127,Synth: SY Toy
elektron_syntakt_nrpn_324,elektron_syntakt,SY Toy: Punch,,0: Off; 1: On,0-based,1,3,0,1,Synth: SY Toy
elektron_syntakt_nrpn_325,elektron_syntakt,SY Toy: Decay,,,0-based,1,4,0,127,Synth: SY Toy
elektron_syntakt_nrpn_326,elektron_syntakt,SY Toy: Impact,,0: Unison × 2; 1: Unison × 3; 2: Unison × 4; 3: minor; 4: Major; 5: sus2; 6: sus4; 7: m7; 8: M7; 9: mMaj7; 10: Maj7; 11: 7sus4; 12: dim7; 13: madd9; 14: Madd9; 15: m6; 16: M6; 17: mb5; 18: Mb5; 19: m7b5; 20: M7b5; 21: M#5; 22: m7#5; 23: M7#5; 24: mb6; 25: m9no5; 26: M9no5; 27: Madd9b5; 28: Maj7b5; 29: M7b9no5; 30: sus4#5b9; 31: sus4add#5; 32: Maddb5; 33: M6add4no5; 34: Maj7/6no5; 35: Maj9no5; 36: Fourth; 37: Fifth,0-based,1,5,0,37,Synth: SY Toy
elektron_syntakt_nrpn_327,elektron_syntakt,SY Toy: Brightness,,,0-based,1,6,0,127,Synth: SY Toy
elektron_syntakt_nrpn_328,elektron_syntakt,SY Toy: Partial Decay,,,0-based,1,7,0,127,Synth: SY Toy
elektron_syntakt_nrpn_329,elektron_syntakt,SY Toy: Overdrive,,,0-based,1,8,0,127,Synth: SY Toy
elektron_syntakt_nrpn_330,elektron_syntakt,SY Swarm: Tune,,,Centered,1,1,5120,11264,Synth: SY Swarm
elektron_syntakt_nrpn_331,elektron_syntakt,SY Swarm: Detune,,,0-based,1,2,0,127,Synth: SY Swarm
elektron_syntakt_nrpn_332,elektron_syntakt,SY Swarm: Mix,,,0-based,1,3,0,127,Synth: SY Swarm
elektron_syntakt_nrpn_333,elektron_syntakt,SY Swarm: Decay,,,0-based,1,4,0,127,Synth: SY Swarm
elektron_syntakt_nrpn_334,elektron_syntakt,SY Swarm: Noise Modulation,,0: Unison × 2; 1: Unison × 3; 2: Unison × 4; 3: minor; 4: Major; 5: sus2; 6: sus4; 7: m7; 8: M7; 9: mMaj7; 10: Maj7; 11: 7sus4; 12: dim7; 13: madd9; 14: Madd9; 15: m6; 16: M6; 17: mb5; 18: Mb5; 19: m7b5; 20: M7b5; 21: M#5; 22: m7#5; 23: M7#5; 24: mb6; 25: m9no5; 26: M9no5; 27: Madd9b5; 28: Maj7b5; 29: M7b9no5; 30: sus4#5b9; 31: sus4add#5; 32: Maddb5; 33: M6add4no5; 34: Maj7/6no5; 35: Maj9no5; 36: Fourth; 37: Fifth,0-based,1,5,0,37,Synth: SY Swarm
elektron_syntakt_nrpn_335,elektron_syntakt,SY Swarm: Detune Animation,,,0-based,1,6,0,127,Synth: SY Swarm
elektron_syntakt_nrpn_336,elektron_syntakt,SY Swarm: Fundamental Sub,,,0-based,1,7,0,127,Synth: SY Swarm
elektron_syntakt_nrpn_337,elektron_syntakt,SY Swarm: Overdrive,,,0-based,1,8,0,127,Synth: SY Swarm
elektron_syntakt_nrpn_338,elektron_syntakt,SY Dual VCO: Osc 1 Tune,,,Centered,1,1,5120,11264,Synth: SY Dual VCO
elektron_syntakt_nrpn_339,elektron_syntakt,SY Dual VCO: Osc 2 Detune,,,0-based,1,2,6144,10240,Synth: SY Dual VCO
elektron_syntakt_nrpn_340,elektron_syntakt,SY Dual VCO: Osc 1 Decay,,0~126: Time; 127: Infinite,0-based,1,3,0,127,Synth: SY Dual VCO
elektron_syntakt_nrpn_341,elektron_syntakt,SY Dual VCO: Osc 2 Decay,,0~126: Time; 127: Infinite,0-based,1,4,0,127,Synth: SY Dual VCO
elektron_syntakt_nrpn_342,elektron_syntakt,SY Dual VCO: Osc Config,,0: Sine + Sine -; 1: Sine + Sine; 2: Sine + Skewed Sine -; 3: Sine + Skewed Sine; 4: Sine + Triangle -; 5: Sine + Triangle; 6: Sine + Sinesaw -; 7: Sine + Sinesaw; 8: Sine + Saw -; 9: Sine + Saw; 10: Sine R Sine -; 11: Sine R Sine; 12: Sine R Skewed Sine -; 13: Sine R Skewed Sine; 14: Sine R Triangle -; 15: Sine R Triangle; 16: Sine R Sinesaw -; 17: Sine R Sinesaw; 18: Sine R Saw -; 19: Sine R Saw; 20: Sine F Sine -; 21: Sine F Sine; 22: Sine F Skewed Sine -; 23: Sine F Skewed Sine; 24: Sine F Triangle -; 25: Sine F Triangle; 26: Sine F Sinesaw -; 27: Sine F Sinesaw; 28: Sine F Saw -; 29: Sine F Saw; 30: Sine FR Sine -; 31: Sine FR Sine; 32: Sine FR Skewed Sine -; 33: Sine FR Skewed Sine; 34: Sine FR Triangle -; 35: Sine FR Triangle; 36: Sine FR Sinesaw -; 37: Sine FR Sinesaw; 38: Sine FR Saw -; 39: Sine FR Saw; 40: Sinesaw + Sine -; 41: Sinesaw + Sine; 42: Sinesaw + Skewed Sine -; 43: Sinesaw + Skewed Sine; 44: Sinesaw + Triangle -; 45: Sinesaw + Triangle; 46: Sinesaw + Sinesaw -; 47: Sinesaw + Sinesaw; 48: Sinesaw + Saw -; 49: Sinesaw + Saw; 50: Sinesaw R Sine -; 51: Sinesaw R Sine; 52: Sinesaw R Skewed Sine -; 53: Sinesaw R Skewed Sine; 54: Sinesaw R Triangle -; 55: Sinesaw R Triangle; 56: Sinesaw R Sinesaw -; 57: Sinesaw R Sinesaw; 58: Sinesaw R Saw -; 59: Sinesaw R Saw; 60: Sinesaw F Sine -; 61: Sinesaw F Sine; 62: Sinesaw F Skewed Sine -; 63: Sinesaw F Skewed Sine; 64: Sinesaw F Triangle -; 65: Sinesaw F Triangle; 66: Sinesaw F Sinesaw -; 67: Sinesaw F Sinesaw; 68: Sinesaw F Saw -; 69: Sinesaw F Saw; 70: Sinesaw FR Sine -; 71: Sinesaw FR Sine; 72: Sinesaw FR Skewed Sine -; 73: Sinesaw FR Skewed Sine; 74: Sinesaw FR Triangle -; 75: Sinesaw FR Triangle; 76: Sinesaw FR Sinesaw -; 77: Sinesaw FR Sinesaw; 78: Sinesaw FR Saw -; 79: Sinesaw FR Saw,0-based,1,5,0,79,Synth: SY Dual VCO
elektron_syntakt_nrpn_343,elektron_syntakt,SY Dual VCO: Bend,,,Centered,1,6,0,127,Synth: SY Dual VCO
elektron_syntakt_nrpn_344,elektron_syntakt,SY Dual VCO: Balance,,,0-based,1,7,0,127,Synth: SY Dual VCO
elektron_syntakt_nrpn_345,elektron_syntakt,SY Dual VCO: Overdrive,,,0-based,1,8,0,127,Synth: SY Dual VCO
elektron_syntakt_nrpn_346,elektron_syntakt,SY Raw: Osc 1 Tune,,,Centered,1,1,5120,11264,Synth: SY Raw
elektron_syntakt_nrpn_347,elektron_syntakt,SY Raw: Detune,,,0-based,1,2,6144,10240,Synth: SY Raw
elektron_syntakt_nrpn_348,elektron_syntakt,SY Raw: Osc 2 Level,,,0-based,1,3,0,127,Synth: SY Raw
elektron_syntakt_nrpn_349,elektron_syntakt,SY Raw: Osc 2 Decay,,0~126: Time; 127: Infinite,0-based,1,4,0,127,Synth: SY Raw
elektron_syntakt_nrpn_350,elektron_syntakt,SY Raw: Osc 1 Wave,,0: Sine; 1: Asymetric Sine; 2: Triangle; 3: Sinesaw; 4: Saw; 5: Square,0-based,1,5,0,5,Synth: SY Raw
elektron_syntakt_nrpn_351,elektron_syntakt,SY Raw: Osc 2 Wave,,0: Sine; 1: Asymetric Sine; 2: Triangle; 3: Sinesaw; 4: Saw; 5: Square; 6: Ring Modulator,0-based,1,6,0,6,Synth: SY Raw
elektron_syntakt_nrpn_352,elektron_syntakt,SY Raw: Noise Level,,,0-based,1,7,0,127,Synth: SY Raw
elektron_syntakt_nrpn_353,elektron_syntakt,SY Raw: Overdrive,,,0-based,1,8,0,127,Synth: SY Raw
elektron_syntakt_nrpn_354,elektron_syntakt,UT Noise: Sweep Depth,,,Centered,1,1,0,127,Synth: UT Noise
elektron_syntakt_nrpn_355,elektron_syntakt,UT Noise: Sweep Time,,,Centered,1,2,0,127,Synth: UT Noise
elektron_syntakt_nrpn_356,elektron_syntakt,UT Noise: Attack,,,0-based,1,3,0,127,Synth: UT Noise
elektron_syntakt_nrpn_357,elektron_syntakt,UT Noise: Decay,,,0-based,1,4,0,127,Synth: UT Noise
elektron_syntakt_nrpn_358,elektron_syntakt,UT Noise: Noise HPF Frequency,,,0-based,1,5,0,127,Synth: UT Noise
elektron_syntakt_nrpn_359,elektron_syntakt,UT Noise: Noise LPF Frequency,,,0-based,1,6,0,127,Synth: UT Noise
elektron_syntakt_nrpn_360,elektron_syntakt,UT Noise: Noise LPF Resonance,,,0-based,1,7,0,127,Synth: UT Noise
elektron_syntakt_nrpn_361,elektron_syntakt,UT Noise: Overdrive,,,0-based,1,8,0,127,Synth: UT Noise
elektron_syntakt_nrpn_362,elektron_syntakt,UT Impulse: Attack,,,0-based,1,3,0,127,Synth: UT Impulse
elektron_syntakt_nrpn_363,elektron_syntakt,UT Impulse: Decay,,,0-based,1,4,0,127,Synth: UT Impulse
elektron_syntakt_nrpn_364,elektron_syntakt,UT Impulse: Polarity,,0: Positive; 1: Negative,0-based,1,7,0,1,Synth: UT Impulse
elektron_syntakt_nrpn_365,elektron_syntakt,UT Impulse: Overdrive,,,0-based,1,8,0,127,Synth: UT Impulse
elektron_syntakt_nrpn_366,elektron_syntakt,Midi: CC1 Value,,,0-based,1,16,0,127,Midi
elektron_syntakt_nrpn_367,elektron_syntakt,Midi: CC2 Value,,,0-based,1,17,0,127,Midi
elektron_syntakt_nrpn_368,elektron_syntakt,Midi: CC3 Value,,,0-based,1,18,0,127,Midi
elektron_syntakt_nrpn_369,elektron_syntakt,Midi: CC4 Value,,,0-based,1,19,0,127,Midi
elektron_syntakt_nrpn_370,elektron_syntakt,Midi: CC5 Value,,,0-based,1,20,0,127,Midi
elektron_syntakt_nrpn_371,elektron_syntakt,Midi: CC6 Value,,,0-based,1,21,0,127,Midi
elektron_syntakt_nrpn_372,elektron_syntakt,Midi: CC7 Value,,,0-based,1,22,0,127,Midi
elektron_syntakt_nrpn_373,elektron_syntakt,Midi: CC8 Value,,,0-based,1,23,0,127,Midi
generic_midi_device_nrpn_0,generic_midi_device,Pitch Bend Sensitivity,Controls pitch bend range in semitones,0 = no bend effect typical value is 2 semitones,0-based,0,0,0,127,RPNs
generic_midi_device_nrpn_1,generic_midi_device,Fine Tuning,Fine control of channel tuning in cents,,Centered,0,1,0,127,RPNs
generic_midi_device_nrpn_2,generic_midi_device,Coarse Tuning,Coarse control of channel tuning in semitones,,Centered,0,2,0,127,RPNs
generic_midi_device_nrpn_3,generic_midi_device,Tuning Program,Selects stored tuning program,,0-based,0,3,0,127,RPNs
generic_midi_device_nrpn_4,generic_midi_device,Tuning Bank,Selects bank of tuning programs,,0-based,0,4,0,127,RPNs
generic_midi_device_nrpn_5,generic_midi_device,Null Function,Deactivates RPN/NRPN editing,Disables data entry controls until new RPN/NRPN selected,0-based,127,127,0,0,RPNs
korg_electribe_er-1_nrpn_0,korg_electribe_er-1,Pitch,Adjusts the pitch of the oscillator,,0-based,2,2,0,127,Oscillator
korg_electribe_er-1_nrpn_1,korg_electribe_er-1,Mod Depth,Adjusts the pitch modulation depth,,Centered,2,6,0,127,Oscillator
korg_electribe_er-1_nrpn_2,korg_electribe_er-1,Mod Speed,Adjusts the pitch modulation speed,,0-based,2,5,0,127,Oscillator
korg_electribe_er-1_nrpn_3,korg_electribe_er-1,Mod Type,Selects from six modulation types,0: Saw wave; 1: Square wave; 2: Triangle wave; 3: Random pitch; 4: Noise decay; 5: Decline ramp,0-based,2,4,0,5,Oscillator
korg_electribe_er-1_nrpn_4,korg_electribe_er-1,Wave,Select sine or triangle wave oscillator type,0: Sine wave; 127: triangle wave,0-based,2,3,0,127,Oscillator
korg_electribe_er-1_nrpn_5,korg_electribe_er-1,Decay,Set envelope decay time,,0-based,2,8,0,127,Amp
korg_electribe_er-1_nrpn_6,korg_electribe_er-1,Level,Sets part volume,,0-based,2,7,0,127,Amp
korg_electribe_er-1_nrpn_7,korg_electribe_er-1,Pan,Pans between left and right channel,,Centered,2,1,0,127,Amp
korg_electribe_er-1_nrpn_8,korg_electribe_er-1,Low Boost,Boosts then distorts the low end while cutting high end frequencies,,0-based,2,0,0,127,Amp
korg_electribe_er-1_nrpn_9,korg_electribe_er-1,Depth,Sets the depth of the delay effect,,0-based,2,100,0,127,Delay
korg_electribe_er-1_nrpn_10,korg_electribe_er-1,Time,Sets the delay time,,0-based,2,101,0,127,Delay
korg_electribe_er-1_nrpn_11,korg_electribe_er-1,Ring Mod 1,Toggles ring mod on synth 1 and synth 2,0: Off; 127: On,0-based,2,102,0,127,Ring Mod
korg_electribe_er-1_nrpn_12,korg_electribe_er-1,Ring Mod 2,Toggles ring mod on synths 4 with audio tracks,0: Off; 127: On,0-based,2,103,0,127,Ring Mod
korg_electribe_er-1_nrpn_13,korg_electribe_er-1,Mute Synths,Mute or unmute any combination of synths with a single message,,0-based,2,109,0,15,Mute
korg_electribe_er-1_nrpn_14,korg_electribe_er-1,Mute PCM/Audio,Mute or unmute any combination of drum samples or audio inputs with a single message,,0-based,2,110,0,63,Mute
korg_pa4x_nrpn_0,korg_pa4x,Vibrato Rate,Controls vibrato rate in Song Play/Sequencer mode,0-127: Vibrato rate,0-based,1,8,0,127,Sound
korg_pa4x_nrpn_1,korg_pa4x,Vibrato Depth,Controls vibrato depth in Song Play/Sequencer mode,0-127: Vibrato depth,0-based,1,9,0,127,Sound
korg_pa4x_nrpn_2,korg_pa4x,Vibrato Decay,Controls vibrato decay in Song Play/Sequencer mode,0-127: Vibrato decay,0-based,1,10,0,127,Sound
korg_pa4x_nrpn_3,korg_pa4x,Filter Cutoff NRPN,Controls filter cutoff in Song Play/Sequencer mode,0-127: Filter cutoff,0-based,1,32,0,127,Filter
korg_pa4x_nrpn_4,korg_pa4x,Resonance NRPN,Controls filter resonance in Song Play/Sequencer mode,0-127: Resonance,0-based,1,33,0,127,Filter
korg_pa4x_nrpn_5,korg_pa4x,EG Attack Time,Controls envelope attack time in Song Play/Sequencer mode,0-127: Attack time,0-based,1,99,0,127,Envelope
korg_pa4x_nrpn_6,korg_pa4x,EG Decay Time,Controls envelope decay time in Song Play/Sequencer mode,0-127: Decay time,0-based,1,100,0,127,Envelope
korg_pa4x_nrpn_7,korg_pa4x,EG Release Time,Controls envelope release time in Song Play/Sequencer mode,0-127: Release time,0-based,1,102,0,127,Envelope
korg_pa4x_nrpn_8,korg_pa4x,Drum Filter Cutoff,Controls drum filter cutoff in Song Play/Sequencer mode,0-127: Filter cutoff,0-based,20,0,0,127,Drum
korg_pa4x_nrpn_9,korg_pa4x,Drum Filter Resonance,Controls drum filter resonance in Song Play/Sequencer mode,0-127: Resonance,0-based,21,0,0,127,Drum
korg_pa4x_nrpn_10,korg_pa4x,Drum EG Attack Time,Controls drum envelope attack time in Song Play/Sequencer mode,0-127: Attack time,0-based,22,0,0,127,Drum
korg_pa4x_nrpn_11,korg_pa4x,Drum EG Decay Time,Controls drum envelope decay time in Song Play/Sequencer mode,0-127: Decay time,0-based,23,0,0,127,Drum
korg_pa4x_nrpn_12,korg_pa4x,Drum Coarse Tune,Controls drum coarse tuning in Song Play/Sequencer mode,0-127: Coarse tune,0-based,24,0,0,127,Drum
korg_pa4x_nrpn_13,korg_pa4x,Drum Fine Tune,Controls drum fine tuning in Song Play/Sequencer mode,0-127: Fine tune,0-based,25,0,0,127,Drum
korg_pa4x_nrpn_14,korg_pa4x,Drum Volume,Controls drum volume in Song Play/Sequencer mode,0-127: Volume level,0-based,26,0,0,127,Drum
korg_pa4x_nrpn_15,korg_pa4x,Drum Panpot,Controls drum panning in Song Play/Sequencer mode,0-127: Pan position,0-based,28,0,0,127,Drum
korg_pa4x_nrpn_16,korg_pa4x,Drum Reverb Send,Controls drum reverb send (FX1) in Song Play/Sequencer mode,0-127: Reverb send level,0-based,29,0,0,127,Drum
korg_pa4x_nrpn_17,korg_pa4x,Drum Modulation Send,Controls drum modulation send (FX2) in Song Play/Sequencer mode,0-127: Modulation send level,0-based,30,0,0,127,Drum
korg_pa4x_nrpn_18,korg_pa4x,SongBook Entry,Controls SongBook entry selection in Style/Song Play mode,0-99: SongBook entry,0-based,2,64,0,99,SongBook
nord_electro_5_nrpn_0,nord_electro_5,Program/Set List/Live mode toggle,Toggles between program,0-based,0-based,0,127,0,127,System
novation_bass_station_ii_nrpn_0,novation_bass_station_ii,Overlay bank selection,,0: No overlays; 1~8: Use overlay bank,0-based,0,112,0,8,Master
novation_bass_station_ii_nrpn_1,novation_bass_station_ii,Overlay write protection,,0: Disabled; 1: Enabled,0-based,0,116,0,1,Master
novation_bass_station_ii_nrpn_2,novation_bass_station_ii,Osc 1 waveform,,0: Sine; 1: Triangle; 2: Sawtooth; 3: Pulse,0-based,0,72,0,384,Oscillator
novation_bass_station_ii_nrpn_3,novation_bass_station_ii,Osc 2 waveform,,0: Sine; 1: Triangle; 2: Sawtooth; 3: Pulse,0-based,0,82,0,384,Oscillator
novation_bass_station_ii_nrpn_4,novation_bass_station_ii,Paraphonic mode,,0: Disabled; 1: Enabled,0-based,0,107,0,128,Oscillator
novation_bass_station_ii_nrpn_5,novation_bass_station_ii,Osc tuning error,,0: Off; 7: Ca. 1 semitone,0-based,0,111,0,896,Oscillator
novation_bass_station_ii_nrpn_6,novation_bass_station_ii,Sub osc coarse tuning,,0: Match Osc 1,0-based,0,84,0,16256,Oscillator
novation_bass_station_ii_nrpn_7,novation_bass_station_ii,Sub osc fine tuning,,0: Match OSC 1,0-based,0,77,0,16256,Oscillator
novation_bass_station_ii_nrpn_8,novation_bass_station_ii,Glide divergence,,0: Off; 1-15: Osc 2 slower than Osc 1,0-based,0,113,0,1920,Oscillator
novation_bass_station_ii_nrpn_9,novation_bass_station_ii,Filter tracking,,0: Full tracking; 7: No tracking,0-based,0,108,0,896,Filter
novation_bass_station_ii_nrpn_10,novation_bass_station_ii,Amp Env mode,,0: Multi; 1: Single; 2: Autoglide,0-based,0,73,0,256,Envelope
novation_bass_station_ii_nrpn_11,novation_bass_station_ii,Amp Env retrigger,,0: Disabled; 1: Enabled,0-based,0,109,0,128,Envelope
novation_bass_station_ii_nrpn_12,novation_bass_station_ii,Amp Env fixed duration sustain,,0: Disabled; 1: Enabled (decay is duration and overrides retrigger mode),0-based,0,114,0,128,Envelope
novation_bass_station_ii_nrpn_13,novation_bass_station_ii,Amp Env retrigger count,,0: Loop indefinitely; 1~16: Number of loops when retrig is active,0-based,0,117,0,2048,Envelope
novation_bass_station_ii_nrpn_14,novation_bass_station_ii,Mod Env mode,,0: Multi; 1: Single; 2: Autoglide,0-based,0,105,0,256,Envelope
novation_bass_station_ii_nrpn_15,novation_bass_station_ii,Mod Env retrigger,,0: Disabled; 1: Enabled,0-based,0,110,0,128,Envelope
novation_bass_station_ii_nrpn_16,novation_bass_station_ii,Mod Env fixed duration sustain,,0: Disabled; 1: Enabled (decay is duration and overrides retrigger mode),0-based,0,115,0,128,Envelope
novation_bass_station_ii_nrpn_17,novation_bass_station_ii,Mod Env retrigger count,,0: Loop indefinitely; 1~16: Number of loops when retrig is active,0-based,0,118,0,2048,Envelope
novation_bass_station_ii_nrpn_18,novation_bass_station_ii,LFO 1 slew,,,0-based,0,86,0,127,LFO
novation_bass_station_ii_nrpn_19,novation_bass_station_ii,LFO 1 speed/sync,,0: Speed; 1: BPM sync,0-based,0,87,0,128,LFO
novation_bass_station_ii_nrpn_20,novation_bass_station_ii,LFO 1 key sync,,0: Disabled; 1: Enabled,0-based,0,89,0,128,LFO
novation_bass_station_ii_nrpn_21,novation_bass_station_ii,LFO 2 slew,,,0-based,0,90,0,127,LFO
novation_bass_station_ii_nrpn_22,novation_bass_station_ii,LFO 2 speed/sync,,0: Speed; 1: BPM sync,0-based,0,91,0,128,LFO
novation_bass_station_ii_nrpn_23,novation_bass_station_ii,LFO 2 key sync,,0: Disabled; 1: Enabled,0-based,0,93,0,128,LFO
novation_bass_station_ii_nrpn_24,novation_bass_station_ii,Seq retrig,,0: Disabled; 1: Enabled,0-based,0,106,0,128,Arpeggiator
novation_bass_station_ii_nrpn_25,novation_bass_station_ii,LFO 1 osc pitch,,63: No effect,Centered,0,70,0,127,Mod wheel
novation_bass_station_ii_nrpn_26,novation_bass_station_ii,LFO 2 filter freq,,63: No effect,Centered,0,71,0,127,Mod wheel
novation_bass_station_ii_nrpn_27,novation_bass_station_ii,Filter freq,,,0-based,0,74,0,127,Aftertouch
novation_bass_station_ii_nrpn_28,novation_bass_station_ii,LFO 1 osc pitch,,63: No effect,Centered,0,75,0,127,Aftertouch
novation_bass_station_ii_nrpn_29,novation_bass_station_ii,LFO 2 speed,,63: No effect,Centered,0,76,0,127,Aftertouch
novation_bass_station_ii_nrpn_30,novation_bass_station_ii,Osc 2 pitch,,63: No effect,Centered,0,78,0,127,Mod wheel
novation_circuit_nrpn_0,novation_circuit,env 2 velocity,sysex patch address: 74,,Centered,0,0,0,127,Envelope
novation_circuit_nrpn_1,novation_circuit,env 2 attack,sysex patch address: 75,,0-based,0,1,0,127,Envelope
novation_circuit_nrpn_2,novation_circuit,env 2 decay,sysex patch address: 76,,0-based,0,2,0,127,Envelope
novation_circuit_nrpn_3,novation_circuit,env 2 sustain,sysex patch address: 77,,0-based,0,3,0,127,Envelope
novation_circuit_nrpn_4,novation_circuit,env 2 release,sysex patch address: 78,,0-based,0,4,0,127,Envelope
novation_circuit_nrpn_5,novation_circuit,env 3 delay,sysex patch address: 79,,0-based,0,14,0,127,Envelope
novation_circuit_nrpn_6,novation_circuit,env 3 attack,sysex patch address: 80,,0-based,0,15,0,127,Envelope
novation_circuit_nrpn_7,novation_circuit,env 3 decay,sysex patch address: 81,,0-based,0,16,0,127,Envelope
novation_circuit_nrpn_8,novation_circuit,env 3 sustain,sysex patch address: 82,,0-based,0,17,0,127,Envelope
novation_circuit_nrpn_9,novation_circuit,env 3 release,sysex patch address: 83,,0-based,0,18,0,127,Envelope
novation_circuit_nrpn_10,novation_circuit,lfo 1 waveform,sysex patch address: 84,0: Sine; 1: Triangle; 2: Sawtooth; 3: Square; 4: Random S/H; 5: Time S/H; 6: Piano envelope; 7: Sequence 1; 8: Sequence 2; 9: Sequence 3; 10: Sequence 4; 11: Sequence 5; 12: Sequence 6; 13: Sequence 7; 14: Alternative 1; 15: Alternative 2; 16: Alternative 3; 17: Alternative 4; 18: Alternative 5; 19: Alternative 6; 20: Alternative 7; 21: Alternative 8; 22: Chromatic; 23: Chromatic 16; 24: Major; 25: Major 7; 26: Minor 7; 27: Min arp 1; 28: Min arp 2; 29: Diminished; 30: Dec minor; 31: Minor 3rd; 32: Pedal; 33: 4ths; 34: 4ths x12; 35: 1625 maj; 36: 1625 min; 37: 2511,0-based,0,70,0,37,LFO
novation_circuit_nrpn_11,novation_circuit,lfo 1 phase offset,sysex patch address: 85,,0-based,0,71,0,119,LFO
novation_circuit_nrpn_12,novation_circuit,lfo 1 slew rate,sysex patch address: 86,,0-based,0,72,0,127,LFO
novation_circuit_nrpn_13,novation_circuit,lfo 1 delay,sysex patch address: 87,,0-based,0,74,0,127,LFO
novation_circuit_nrpn_14,novation_circuit,lfo 1 delay sync,sysex patch address: 88,,0-based,0,75,0,35,LFO
novation_circuit_nrpn_15,novation_circuit,lfo 1 rate,sysex patch address: 89,,0-based,0,76,0,127,LFO
novation_circuit_nrpn_16,novation_circuit,lfo 1 rate sync,sysex patch address: 90,,0-based,0,77,0,35,LFO
novation_circuit_nrpn_17,novation_circuit,lfo 1 one shot,sysex patch address: 91,12: Off; 13: On,0-based,0,122,12,13,LFO
novation_circuit_nrpn_18,novation_circuit,lfo 1 key sync,sysex patch address: 91,14: Off; 15: On,0-based,0,122,14,15,LFO
novation_circuit_nrpn_19,novation_circuit,lfo 1 common sync,sysex patch address: 91,16: Off; 17: On,0-based,0,122,16,17,LFO
novation_circuit_nrpn_20,novation_circuit,lfo 1 delay trigger,sysex patch address: 91,18: Off; 19: On,0-based,0,122,18,19,LFO
novation_circuit_nrpn_21,novation_circuit,lfo 1 fade mode,sysex patch address: 91,0: Fade in; 1: Fade out; 2: Gate in; 3: Gate out,0-based,0,123,0,3,LFO
novation_circuit_nrpn_22,novation_circuit,lfo 2 waveform,sysex patch address: 92,0: Sine; 1: Triangle; 2: Sawtooth; 3: Square; 4: Random S/H; 5: Time S/H; 6: Piano envelope; 7: Sequence 1; 8: Sequence 2; 9: Sequence 3; 10: Sequence 4; 11: Sequence 5; 12: Sequence 6; 13: Sequence 7; 14: Alternative 1; 15: Alternative 2; 16: Alternative 3; 17: Alternative 4; 18: Alternative 5; 19: Alternative 6; 20: Alternative 7; 21: Alternative 8; 22: Chromatic; 23: Chromatic 16; 24: Major; 25: Major 7; 26: Minor 7; 27: Min arp 1; 28: Min arp 2; 29: Diminished; 30: Dec minor; 31: Minor 3rd; 32: Pedal; 33: 4ths; 34: 4ths x12; 35: 1625 maj; 36: 1625 min; 37: 2511,0-based,0,79,0,37,LFO
novation_circuit_nrpn_23,novation_circuit,lfo 2 phase offset,sysex patch address: 93,,0-based,0,80,0,119,LFO
novation_circuit_nrpn_24,novation_circuit,lfo 2 slew rate,sysex patch address: 94,,0-based,0,81,0,127,LFO
novation_circuit_nrpn_25,novation_circuit,lfo 2 delay,sysex patch address: 95,,0-based,0,83,0,127,LFO
novation_circuit_nrpn_26,novation_circuit,lfo 2 delay sync,sysex patch address: 96,,0-based,0,84,0,35,LFO
novation_circuit_nrpn_27,novation_circuit,lfo 2 rate,sysex patch address: 97,,0-based,0,85,0,127,LFO
novation_circuit_nrpn_28,novation_circuit,lfo 2 rate sync,sysex patch address: 98,,0-based,0,86,0,35,LFO
novation_circuit_nrpn_29,novation_circuit,lfo 2 one shot,sysex patch address: 99,22: Off; 23: On,0-based,0,122,22,23,LFO
novation_circuit_nrpn_30,novation_circuit,lfo 2 key sync,sysex patch address: 99,24: Off; 25: On,0-based,0,122,24,25,LFO
novation_circuit_nrpn_31,novation_circuit,lfo 2 common sync,sysex patch address: 99,26: Off; 27: On,0-based,0,122,26,27,LFO
novation_circuit_nrpn_32,novation_circuit,lfo 2 delay trigger,sysex patch address: 99,28: Off; 29: On,0-based,0,122,28,29,LFO
novation_circuit_nrpn_33,novation_circuit,lfo 2 fade mode,sysex patch address: 99,0: Fade in; 1: Fade out; 2: Gate in; 3: Gate out,0-based,0,123,4,7,LFO
novation_circuit_nrpn_34,novation_circuit,EQ bass frequency,sysex patch address: 105,,0-based,0,104,0,127,Effects and EQ
novation_circuit_nrpn_35,novation_circuit,EQ bass level,sysex patch address: 106,,Centered,0,105,0,127,Effects and EQ
novation_circuit_nrpn_36,novation_circuit,EQ mid frequency,sysex patch address: 107,,0-based,0,106,0,127,Effects and EQ
novation_circuit_nrpn_37,novation_circuit,EQ mid level,sysex patch address: 108,,Centered,0,107,0,127,Effects and EQ
novation_circuit_nrpn_38,novation_circuit,EQ treble frequency,sysex patch address: 109,,0-based,0,108,0,127,Effects and EQ
novation_circuit_nrpn_39,novation_circuit,EQ treble level,sysex patch address: 110,,Centered,0,109,0,127,Effects and EQ
novation_circuit_nrpn_40,novation_circuit,distortion type,sysex patch address: 116,0: Diode; 1: Valve; 2: Clipper; 3: Cross-over; 4: Rectifier; 5: Bit reducer; 6: Rate reducer,0-based,1,0,0,6,Effects and EQ
novation_circuit_nrpn_41,novation_circuit,distortion compensation,sysex patch address: 117,,0-based,1,1,0,127,Effects and EQ
novation_circuit_nrpn_42,novation_circuit,chorus type,sysex patch address: 118,0: Phaser; 1: Chorus,0-based,1,24,0,1,Effects and EQ
novation_circuit_nrpn_43,novation_circuit,chorus rate,sysex patch address: 119,,0-based,1,25,0,127,Effects and EQ
novation_circuit_nrpn_44,novation_circuit,chorus rate sync,sysex patch address: 120,,0-based,1,26,0,35,Effects and EQ
novation_circuit_nrpn_45,novation_circuit,chorus feedback,sysex patch address: 121,,Centered,1,27,0,127,Effects and EQ
novation_circuit_nrpn_46,novation_circuit,chorus mod depth,sysex patch address: 122,,0-based,1,28,0,127,Effects and EQ
novation_circuit_nrpn_47,novation_circuit,chorus delay,sysex patch address: 123,,0-based,1,29,0,127,Effects and EQ
novation_circuit_nrpn_48,novation_circuit,mod matrix 1 source 1,sysex patch address: 124,0: Direct; 1: Modulation wheel; 2: After touch; 3: Expression; 4: Velocity; 5: Keyboard; 6: LFO 1 +; 7: LFO 1 +/-; 8: LFO 2 +; 9: LFO 2 +/-; 10: Env amp; 11: Env filter; 12: Env 3,0-based,1,83,0,12,Mod Matrix
novation_circuit_nrpn_49,novation_circuit,mod matrix 1 source 2,sysex patch address: 125,0: Direct; 1: Modulation wheel; 2: After touch; 3: Expression; 4: Velocity; 5: Keyboard; 6: LFO 1 +; 7: LFO 1 +/-; 8: LFO 2 +; 9: LFO 2 +/-; 10: Env amp; 11: Env filter; 12: env 3,0-based,1,84,0,12,Mod Matrix
novation_circuit_nrpn_50,novation_circuit,mod matrix 1 depth,sysex patch address: 126,,Centered,1,86,0,127,Mod Matrix
novation_circuit_nrpn_51,novation_circuit,mod matrix 1 destination,sysex patch address: 127,0: Osc 1 & 2 pitch; 1: Osc 1 pitch; 2: Osc 2 pitch; 3: Osc 1 v-sync; 4: Osc 2 v-sync; 5: Osc 1 pulse width / index; 6: Osc 2 pulse width / index; 7: Osc 1 level; 8: Osc 2 level; 9: Noise level; 10: Ring modulation 1*2 level; 11: Filter drive amount; 12: Filter frequency; 13: Filter resonance; 14: LFO 1 rate; 15: LFO 2 rate; 16: Amp envelope decay; 17: Filter envelope decay,0-based,1,87,0,17,Mod Matrix
novation_circuit_nrpn_52,novation_circuit,mod matrix 2 source 1,sysex patch address: 128,0: Direct; 1: Modulation wheel; 2: After touch; 3: Expression; 4: Velocity; 5: Keyboard; 6: LFO 1 +; 7: LFO 1 +/-; 8: LFO 2 +; 9: LFO 2 +/-; 10: Env amp; 11: Env filter; 12: Env 3,0-based,1,88,0,12,Mod Matrix
novation_circuit_nrpn_53,novation_circuit,mod matrix 2 source 2,sysex patch address: 129,0: Direct; 1: Modulation wheel; 2: After touch; 3: Expression; 4: Velocity; 5: Keyboard; 6: LFO 1 +; 7: LFO 1 +/-; 8: LFO 2 +; 9: LFO 2 +/-; 10: Env amp; 11: Env filter; 12: Env 3,0-based,1,89,0,12,Mod Matrix
novation_circuit_nrpn_54,novation_circuit,mod matrix 2 depth,sysex patch address: 130,,Centered,1,91,0,127,Mod Matrix
novation_circuit_nrpn_55,novation_circuit,mod matrix 2 destination,sysex patch address: 131,0: Osc 1 & 2 pitch; 1: Osc 1 pitch; 2: Osc 2 pitch; 3: Osc 1 v-sync; 4: Osc 2 v-sync; 5: Osc 1 pulse width / index; 6: Osc 2 pulse width / index; 7: Osc 1 level; 8: Osc 2 level; 9: Noise level; 10: Ring modulation 1*2 level; 11: Filter drive amount; 12: Filter frequency; 13: Filter resonance; 14: LFO 1 rate; 15: LFO 2 rate; 16: Amp envelope decay; 17: Filter envelope decay,0-based,1,92,0,17,Mod Matrix
novation_circuit_nrpn_56,novation_circuit,mod matrix 3 source 1,sysex patch address: 132,0: Direct; 1: Modulation wheel; 2: After touch; 3: Expression; 4: Velocity; 5: Keyboard; 6: LFO 1 +; 7: LFO 1 +/-; 8: LFO 2 +; 9: LFO 2 +/-; 10: Env amp; 11: Env filter; 12: Env 3,0-based,1,93,0,12,Mod Matrix
novation_circuit_nrpn_57,novation_circuit,mod matrix 3 source 2,sysex patch address: 133,0: Direct; 1: Modulation wheel; 2: After touch; 3: Expression; 4: Velocity; 5: Keyboard; 6: LFO 1 +; 7: LFO 1 +/-; 8: LFO 2 +; 9: LFO 2 +/-; 10: Env amp; 11: Env filter; 12: Env 3,0-based,1,94,0,12,Mod Matrix
novation_circuit_nrpn_58,novation_circuit,mod matrix 3 depth,sysex patch address: 134,,Centered,1,96,0,127,Mod Matrix
novation_circuit_nrpn_59,novation_circuit,mod matrix 3 destination,sysex patch address: 135,0: Osc 1 & 2 pitch; 1: Osc 1 pitch; 2: Osc 2 pitch; 3: Osc 1 v-sync; 4: Osc 2 v-sync; 5: Osc 1 pulse width / index; 6: Osc 2 pulse width / index; 7: Osc 1 level; 8: Osc 2 level; 9: Noise level; 10: Ring modulation 1*2 level; 11: Filter drive amount; 12: Filter frequency; 13: Filter resonance; 14: LFO 1 rate; 15: LFO 2 rate; 16: Amp envelope decay; 17: Filter envelope decay,0-based,1,97,0,17,Mod Matrix
novation_circuit_nrpn_60,novation_circuit,mod matrix 4 source 1,sysex patch address: 136,0: Direct; 1: Modulation wheel; 2: After touch; 3: Expression; 4: Velocity; 5: Keyboard; 6: LFO 1 +; 7: LFO 1 +/-; 8: LFO 2 +; 9: LFO 2 +/-; 10: Env amp; 11: Env filter; 12: Env 3,0-based,1,98,0,12,Mod Matrix
novation_circuit_nrpn_61,novation_circuit,mod matrix 4 source 2,sysex patch address: 137,0: Direct; 1: Modulation wheel; 2: After touch; 3: Expression; 4: Velocity; 5: Keyboard; 6: LFO 1 +; 7: LFO 1 +/-; 8: LFO 2 +; 9: LFO 2 +/-; 10: Env amp; 11: Env filter; 12: Env 3,0-based,1,99,0,12,Mod Matrix
novation_circuit_nrpn_62,novation_circuit,mod matrix 4 depth,sysex patch address: 138,,Centered,1,101,0,127,Mod Matrix
novation_circuit_nrpn_63,novation_circuit,mod matrix 4 destination,sysex patch address: 139,0: Osc 1 & 2 pitch; 1: Osc 1 pitch; 2: Osc 2 pitch; 3: Osc 1 v-sync; 4: Osc 2 v-sync; 5: Osc 1 pulse width / index; 6: Osc 2 pulse width / index; 7: Osc 1 level; 8: Osc 2 level; 9: Noise level; 10: Ring modulation 1*2 level; 11: Filter drive amount; 12: Filter frequency; 13: Filter resonance; 14: LFO 1 rate; 15: LFO 2 rate; 16: Amp envelope decay; 17: Filter envelope decay,0-based,1,102,0,17,Mod Matrix
novation_circuit_nrpn_64,novation_circuit,mod matrix 5 source 1,sysex patch address: 140,0: Direct; 1: Modulation wheel; 2: After touch; 3: Expression; 4: Velocity; 5: Keyboard; 6: LFO 1 +; 7: LFO 1 +/-; 8: LFO 2 +; 9: LFO 2 +/-; 10: Env amp; 11: Env filter; 12: Env 3,0-based,1,103,0,12,Mod Matrix
novation_circuit_nrpn_65,novation_circuit,mod matrix 5 source 2,sysex patch address: 141,0: Direct; 1: Modulation wheel; 2: After touch; 3: Expression; 4: Velocity; 5: Keyboard; 6: LFO 1 +; 7: LFO 1 +/-; 8: LFO 2 +; 9: LFO 2 +/-; 10: Env amp; 11: Env filter; 12: Env 3,0-based,1,104,0,12,Mod Matrix
novation_circuit_nrpn_66,novation_circuit,mod matrix 5 depth,sysex patch address: 142,,Centered,1,106,0,127,Mod Matrix
novation_circuit_nrpn_67,novation_circuit,mod matrix 5 destination,sysex patch address: 143,0: Osc 1 & 2 pitch; 1: Osc 1 pitch; 2: Osc 2 pitch; 3: Osc 1 v-sync; 4: Osc 2 v-sync; 5: Osc 1 pulse width / index; 6: Osc 2 pulse width / index; 7: Osc 1 level; 8: Osc 2 level; 9: Noise level; 10: Ring modulation 1*2 level; 11: Filter drive amount; 12: Filter frequency; 13: Filter resonance; 14: LFO 1 rate; 15: LFO 2 rate; 16: Amp envelope decay; 17: Filter envelope decay,0-based,1,107,0,17,Mod Matrix
novation_circuit_nrpn_68,novation_circuit,mod matrix 6 source 1,sysex patch address: 144,0: Direct; 1: Modulation wheel; 2: After touch; 3: Expression; 4: Velocity; 5: Keyboard; 6: LFO 1 +; 7: LFO 1 +/-; 8: LFO 2 +; 9: LFO 2 +/-; 10: Env amp; 11: Env filter; 12: Env 3,0-based,1,108,0,12,Mod Matrix
novation_circuit_nrpn_69,novation_circuit,mod matrix 6 source 2,sysex patch address: 145,0: Direct; 1: Modulation wheel; 2: After touch; 3: Expression; 4: Velocity; 5: Keyboard; 6: LFO 1 +; 7: LFO 1 +/-; 8: LFO 2 +; 9: LFO 2 +/-; 10: Env amp; 11: Env filter; 12: Env 3,0-based,1,109,0,12,Mod Matrix
novation_circuit_nrpn_70,novation_circuit,mod matrix 6 depth,sysex patch address: 146,,Centered,1,111,0,127,Mod Matrix
novation_circuit_nrpn_71,novation_circuit,mod matrix 6 destination,sysex patch address: 147,0: Osc 1 & 2 pitch; 1: Osc 1 pitch; 2: Osc 2 pitch; 3: Osc 1 v-sync; 4: Osc 2 v-sync; 5: Osc 1 pulse width / index; 6: Osc 2 pulse width / index; 7: Osc 1 level; 8: Osc 2 level; 9: Noise level; 10: Ring modulation 1*2 level; 11: Filter drive amount; 12: Filter frequency; 13: Filter resonance; 14: LFO 1 rate; 15: LFO 2 rate; 16: Amp envelope decay; 17: Filter envelope decay,0-based,1,112,0,17,Mod Matrix
novation_circuit_nrpn_72,novation_circuit,mod matrix 7 source 1,sysex patch address: 148,0: Direct; 1: Modulation wheel; 2: After touch; 3: Expression; 4: Velocity; 5: Keyboard; 6: LFO 1 +; 7: LFO 1 +/-; 8: LFO 2 +; 9: LFO 2 +/-; 10: Env amp; 11: Env filter; 12: Env 3,0-based,1,113,0,12,Mod Matrix
novation_circuit_nrpn_73,novation_circuit,mod matrix 7 source 2,sysex patch address: 149,0: Direct; 1: Modulation wheel; 2: After touch; 3: Expression; 4: Velocity; 5: Keyboard; 6: LFO 1 +; 7: LFO 1 +/-; 8: LFO 2 +; 9: LFO 2 +/-; 10: Env amp; 11: Env filter; 12: Env 3,0-based,1,114,0,12,Mod Matrix
novation_circuit_nrpn_74,novation_circuit,mod matrix 7 depth,sysex patch address: 150,,Centered,1,116,0,127,Mod Matrix
novation_circuit_nrpn_75,novation_circuit,mod matrix 7 destination,sysex patch address: 151,0: Osc 1 & 2 pitch; 1: Osc 1 pitch; 2: Osc 2 pitch; 3: Osc 1 v-sync; 4: Osc 2 v-sync; 5: Osc 1 pulse width / index; 6: Osc 2 pulse width / index; 7: Osc 1 level; 8: Osc 2 level; 9: Noise level; 10: Ring modulation 1*2 level; 11: Filter drive amount; 12: Filter frequency; 13: Filter resonance; 14: LFO 1 rate; 15: LFO 2 rate; 16: Amp envelope decay; 17: Filter envelope decay,0-based,1,117,0,17,Mod Matrix
novation_circuit_nrpn_76,novation_circuit,mod matrix 8 source 1,sysex patch address: 152,0: Direct; 1: Modulation wheel; 2: After touch; 3: Expression; 4: Velocity; 5: Keyboard; 6: LFO 1 +; 7: LFO 1 +/-; 8: LFO 2 +; 9: LFO 2 +/-; 10: Env amp; 11: Env filter; 12: Env 3,0-based,1,118,0,12,Mod Matrix
novation_circuit_nrpn_77,novation_circuit,mod matrix 8 source 2,sysex patch address: 153,0: Direct; 1: Modulation wheel; 2: After touch; 3: Expression; 4: Velocity; 5: Keyboard; 6: LFO 1 +; 7: LFO 1 +/-; 8: LFO 2 +; 9: LFO 2 +/-; 10: Env amp; 11: Env filter; 12: Env 3,0-based,1,119,0,12,Mod Matrix
novation_circuit_nrpn_78,novation_circuit,mod matrix 8 depth,sysex patch address: 154,,Centered,1,121,0,127,Mod Matrix
novation_circuit_nrpn_79,novation_circuit,mod matrix 8 destination,sysex patch address: 155,0: Osc 1 & 2 pitch; 1: Osc 1 pitch; 2: Osc 2 pitch; 3: Osc 1 v-sync; 4: Osc 2 v-sync; 5: Osc 1 pulse width / index; 6: Osc 2 pulse width / index; 7: Osc 1 level; 8: Osc 2 level; 9: Noise level; 10: Ring modulation 1*2 level; 11: Filter drive amount; 12: Filter frequency; 13: Filter resonance; 14: LFO 1 rate; 15: LFO 2 rate; 16: Amp envelope decay; 17: Filter envelope decay,0-based,1,122,0,17,Mod Matrix
novation_circuit_nrpn_80,novation_circuit,mod matrix 9 source 1,sysex patch address: 156,0: Direct; 1: Modulation wheel; 2: After touch; 3: Expression; 4: Velocity; 5: Keyboard; 6: LFO 1 +; 7: LFO 1 +/-; 8: LFO 2 +; 9: LFO 2 +/-; 10: Env amp; 11: Env filter; 12: Env 3,0-based,1,123,0,12,Mod Matrix
novation_circuit_nrpn_81,novation_circuit,mod matrix 9 source 2,sysex patch address: 157,0: Direct; 1: Modulation wheel; 2: After touch; 3: Expression; 4: Velocity; 5: Keyboard; 6: LFO 1 +; 7: LFO 1 +/-; 8: LFO 2 +; 9: LFO 2 +/-; 10: Env amp; 11: Env filter; 12: Env 3,0-based,1,124,0,12,Mod Matrix
novation_circuit_nrpn_82,novation_circuit,mod matrix 9 depth,sysex patch address: 158,,Centered,1,126,0,127,Mod Matrix
novation_circuit_nrpn_83,novation_circuit,mod matrix 9 destination,sysex patch address: 159,0: Osc 1 & 2 pitch; 1: Osc 1 pitch; 2: Osc 2 pitch; 3: Osc 1 v-sync; 4: Osc 2 v-sync; 5: Osc 1 pulse width / index; 6: Osc 2 pulse width / index; 7: Osc 1 level; 8: Osc 2 level; 9: Noise level; 10: Ring modulation 1*2 level; 11: Filter drive amount; 12: Filter frequency; 13: Filter resonance; 14: LFO 1 rate; 15: LFO 2 rate; 16: Amp envelope decay; 17: Filter envelope decay,0-based,1,127,0,17,Mod Matrix
novation_circuit_nrpn_84,novation_circuit,mod matrix 10 source 1,sysex patch address: 160,0: Direct; 1: Modulation wheel; 2: After touch; 3: Expression; 4: Velocity; 5: Keyboard; 6: LFO 1 +; 7: LFO 1 +/-; 8: LFO 2 +; 9: LFO 2 +/-; 10: Env amp; 11: Env filter; 12: Env 3,0-based,2,0,0,12,Mod Matrix
novation_circuit_nrpn_85,novation_circuit,mod matrix 10 source 2,sysex patch address: 161,0: Direct; 1: Modulation wheel; 2: After touch; 3: Expression; 4: Velocity; 5: Keyboard; 6: LFO 1 +; 7: LFO 1 +/-; 8: LFO 2 +; 9: LFO 2 +/-; 10: Env amp; 11: Env filter; 12: Env 3,0-based,2,1,0,12,Mod Matrix
novation_circuit_nrpn_86,novation_circuit,mod matrix 10 depth,sysex patch address: 162,,Centered,2,3,0,127,Mod Matrix
novation_circuit_nrpn_87,novation_circuit,mod matrix 10 destination,sysex patch address: 163,0: Osc 1 & 2 pitch; 1: Osc 1 pitch; 2: Osc 2 pitch; 3: Osc 1 v-sync; 4: Osc 2 v-sync; 5: Osc 1 pulse width / index; 6: Osc 2 pulse width / index; 7: Osc 1 level; 8: Osc 2 level; 9: Noise level; 10: Ring modulation 1*2 level; 11: Filter drive amount; 12: Filter frequency; 13: Filter resonance; 14: LFO 1 rate; 15: LFO 2 rate; 16: Amp envelope decay; 17: Filter envelope decay,0-based,2,4,0,17,Mod Matrix
novation_circuit_nrpn_88,novation_circuit,mod matrix 11 source 1,sysex patch address: 164,0: Direct; 1: Modulation wheel; 2: After touch; 3: Expression; 4: Velocity; 5: Keyboard; 6: LFO 1 +; 7: LFO 1 +/-; 8: LFO 2 +; 9: LFO 2 +/-; 10: Env amp; 11: Env filter; 12: Env 3,0-based,2,5,0,12,Mod Matrix
novation_circuit_nrpn_89,novation_circuit,mod matrix 11 source 2,sysex patch address: 165,0: Direct; 1: Modulation wheel; 2: After touch; 3: Expression; 4: Velocity; 5: Keyboard; 6: LFO 1 +; 7: LFO 1 +/-; 8: LFO 2 +; 9: LFO 2 +/-; 10: Env amp; 11: Env filter; 12: Env 3,0-based,2,6,0,12,Mod Matrix
novation_circuit_nrpn_90,novation_circuit,mod matrix 11 depth,sysex patch address: 166,,Centered,2,8,0,127,Mod Matrix
novation_circuit_nrpn_91,novation_circuit,mod matrix 11 destination,sysex patch address: 167,0: Osc 1 & 2 pitch; 1: Osc 1 pitch; 2: Osc 2 pitch; 3: Osc 1 v-sync; 4: Osc 2 v-sync; 5: Osc 1 pulse width / index; 6: Osc 2 pulse width / index; 7: Osc 1 level; 8: Osc 2 level; 9: Noise level; 10: Ring modulation 1*2 level; 11: Filter drive amount; 12: Filter frequency; 13: Filter resonance; 14: LFO 1 rate; 15: LFO 2 rate; 16: Amp envelope decay; 17: Filter envelope decay,0-based,2,9,0,17,Mod Matrix
novation_circuit_nrpn_92,novation_circuit,mod matrix 12 source 1,sysex patch address: 168,0: Direct; 1: Modulation wheel; 2: After touch; 3: Expression; 4: Velocity; 5: Keyboard; 6: LFO 1 +; 7: LFO 1 +/-; 8: LFO 2 +; 9: LFO 2 +/-; 10: Env amp; 11: Env filter; 12: Env 3,0-based,2,10,0,12,Mod Matrix
novation_circuit_nrpn_93,novation_circuit,mod matrix 12 source 2,sysex patch address: 169,0: Direct; 1: Modulation wheel; 2: After touch; 3: Expression; 4: Velocity; 5: Keyboard; 6: LFO 1 +; 7: LFO 1 +/-; 8: LFO 2 +; 9: LFO 2 +/-; 10: Env amp; 11: Env filter; 12: Env 3,0-based,2,11,0,12,Mod Matrix
novation_circuit_nrpn_94,novation_circuit,mod matrix 12 depth,sysex patch address: 170,,Centered,2,13,0,127,Mod Matrix
novation_circuit_nrpn_95,novation_circuit,mod matrix 12 destination,sysex patch address: 171,0: Osc 1 & 2 pitch; 1: Osc 1 pitch; 2: Osc 2 pitch; 3: Osc 1 v-sync; 4: Osc 2 v-sync; 5: Osc 1 pulse width / index; 6: Osc 2 pulse width / index; 7: Osc 1 level; 8: Osc 2 level; 9: Noise level; 10: Ring modulation 1*2 level; 11: Filter drive amount; 12: Filter frequency; 13: Filter resonance; 14: LFO 1 rate; 15: LFO 2 rate; 16: Amp envelope decay; 17: Filter envelope decay,0-based,2,14,0,17,Mod Matrix
novation_circuit_nrpn_96,novation_circuit,mod matrix 13 source 1,sysex patch address: 172,0: Direct; 1: Modulation wheel; 2: After touch; 3: Expression; 4: Velocity; 5: Keyboard; 6: LFO 1 +; 7: LFO 1 +/-; 8: LFO 2 +; 9: LFO 2 +/-; 10: Env amp; 11: Env filter; 12: Env 3,0-based,2,15,0,12,Mod Matrix
novation_circuit_nrpn_97,novation_circuit,mod matrix 13 source 2,sysex patch address: 173,0: Direct; 1: Modulation wheel; 2: After touch; 3: Expression; 4: Velocity; 5: Keyboard; 6: LFO 1 +; 7: LFO 1 +/-; 8: LFO 2 +; 9: LFO 2 +/-; 10: Env amp; 11: Env filter; 12: Env 3,0-based,2,16,0,12,Mod Matrix
novation_circuit_nrpn_98,novation_circuit,mod matrix 13 depth,sysex patch address: 174,,Centered,2,18,0,127,Mod Matrix
novation_circuit_nrpn_99,novation_circuit,mod matrix 13 destination,sysex patch address: 175,0: Osc 1 & 2 pitch; 1: Osc 1 pitch; 2: Osc 2 pitch; 3: Osc 1 v-sync; 4: Osc 2 v-sync; 5: Osc 1 pulse width / index; 6: Osc 2 pulse width / index; 7: Osc 1 level; 8: Osc 2 level; 9: Noise level; 10: Ring modulation 1*2 level; 11: Filter drive amount; 12: Filter frequency; 13: Filter resonance; 14: LFO 1 rate; 15: LFO 2 rate; 16: Amp envelope decay; 17: Filter envelope decay,0-based,2,19,0,17,Mod Matrix
novation_circuit_nrpn_100,novation_circuit,mod matrix 14 source 1,sysex patch address: 176,0: Direct; 1: Modulation wheel; 2: After touch; 3: Expression; 4: Velocity; 5: Keyboard; 6: LFO 1 +; 7: LFO 1 +/-; 8: LFO 2 +; 9: LFO 2 +/-; 10: Env amp; 11: Env filter; 12: Env 3,0-based,2,20,0,12,Mod Matrix
novation_circuit_nrpn_101,novation_circuit,mod matrix 14 source 2,sysex patch address: 177,0: Direct; 1: Modulation wheel; 2: After touch; 3: Expression; 4: Velocity; 5: Keyboard; 6: LFO 1 +; 7: LFO 1 +/-; 8: LFO 2 +; 9: LFO 2 +/-; 10: Env amp; 11: Env filter; 12: Env 3,0-based,2,21,0,12,Mod Matrix
novation_circuit_nrpn_102,novation_circuit,mod matrix 14 depth,sysex patch address: 178,,Centered,2,23,0,127,Mod Matrix
novation_circuit_nrpn_103,novation_circuit,mod matrix 14 destination,sysex patch address: 179,0: Osc 1 & 2 pitch; 1: Osc 1 pitch; 2: Osc 2 pitch; 3: Osc 1 v-sync; 4: Osc 2 v-sync; 5: Osc 1 pulse width / index; 6: Osc 2 pulse width / index; 7: Osc 1 level; 8: Osc 2 level; 9: Noise level; 10: Ring modulation 1*2 level; 11: Filter drive amount; 12: Filter frequency; 13: Filter resonance; 14: LFO 1 rate; 15: LFO 2 rate; 16: Amp envelope decay; 17: Filter envelope decay,0-based,2,24,0,17,Mod Matrix
novation_circuit_nrpn_104,novation_circuit,mod matrix 15 source 1,sysex patch address: 180,0: Direct; 1: Modulation wheel; 2: After touch; 3: Expression; 4: Velocity; 5: Keyboard; 6: LFO 1 +; 7: LFO 1 +/-; 8: LFO 2 +; 9: LFO 2 +/-; 10: Env amp; 11: Env filter; 12: Env 3,0-based,2,25,0,12,Mod Matrix
novation_circuit_nrpn_105,novation_circuit,mod matrix 15 source 2,sysex patch address: 181,0: Direct; 1: Modulation wheel; 2: After touch; 3: Expression; 4: Velocity; 5: Keyboard; 6: LFO 1 +; 7: LFO 1 +/-; 8: LFO 2 +; 9: LFO 2 +/-; 10: Env amp; 11: Env filter; 12: Env 3,0-based,2,27,0,12,Mod Matrix
novation_circuit_nrpn_106,novation_circuit,mod matrix 15 depth,sysex patch address: 182,,Centered,2,28,0,127,Mod Matrix
novation_circuit_nrpn_107,novation_circuit,mod matrix 15 destination,sysex patch address: 183,0: Osc 1 & 2 pitch; 1: Osc 1 pitch; 2: Osc 2 pitch; 3: Osc 1 v-sync; 4: Osc 2 v-sync; 5: Osc 1 pulse width / index; 6: Osc 2 pulse width / index; 7: Osc 1 level; 8: Osc 2 level; 9: Noise level; 10: Ring modulation 1*2 level; 11: Filter drive amount; 12: Filter frequency; 13: Filter resonance; 14: LFO 1 rate; 15: LFO 2 rate; 16: Amp envelope decay; 17: Filter envelope decay,0-based,2,29,0,17,Mod Matrix
novation_circuit_nrpn_108,novation_circuit,mod matrix 16 source 1,sysex patch address: 184,0: Direct; 1: Modulation wheel; 2: After touch; 3: Expression; 4: Velocity; 5: Keyboard; 6: LFO 1 +; 7: LFO 1 +/-; 8: LFO 2 +; 9: LFO 2 +/-; 10: Env amp; 11: Env filter; 12: Env 3,0-based,2,30,0,12,Mod Matrix
novation_circuit_nrpn_109,novation_circuit,mod matrix 16 source 2,sysex patch address: 185,0: Direct; 1: Modulation wheel; 2: After touch; 3: Expression; 4: Velocity; 5: Keyboard; 6: LFO 1 +; 7: LFO 1 +/-; 8: LFO 2 +; 9: LFO 2 +/-; 10: Env amp; 11: Env filter; 12: Env 3,0-based,2,32,0,12,Mod Matrix
novation_circuit_nrpn_110,novation_circuit,mod matrix 16 depth,sysex patch address: 186,,Centered,2,33,0,127,Mod Matrix
novation_circuit_nrpn_111,novation_circuit,mod matrix 16 destination,sysex patch address: 187,0: Osc 1 & 2 pitch; 1: Osc 1 pitch; 2: Osc 2 pitch; 3: Osc 1 v-sync; 4: Osc 2 v-sync; 5: Osc 1 pulse width / index; 6: Osc 2 pulse width / index; 7: Osc 1 level; 8: Osc 2 level; 9: Noise level; 10: Ring modulation 1*2 level; 11: Filter drive amount; 12: Filter frequency; 13: Filter resonance; 14: LFO 1 rate; 15: LFO 2 rate; 16: Amp envelope decay; 17: Filter envelope decay,0-based,2,34,0,17,Mod Matrix
novation_circuit_nrpn_112,novation_circuit,mod matrix 17 source 1,sysex patch address: 188,0: Direct; 1: Modulation wheel; 2: After touch; 3: Expression; 4: Velocity; 5: Keyboard; 6: LFO 1 +; 7: LFO 1 +/-; 8: LFO 2 +; 9: LFO 2 +/-; 10: Env amp; 11: Env filter; 12: Env 3,0-based,2,35,0,12,Mod Matrix
novation_circuit_nrpn_113,novation_circuit,mod matrix 17 source 2,sysex patch address: 189,0: Direct; 1: Modulation wheel; 2: After touch; 3: Expression; 4: Velocity; 5: Keyboard; 6: LFO 1 +; 7: LFO 1 +/-; 8: LFO 2 +; 9: LFO 2 +/-; 10: Env amp; 11: Env filter; 12: Env 3,0-based,2,37,0,12,Mod Matrix
novation_circuit_nrpn_114,novation_circuit,mod matrix 17 depth,sysex patch address: 190,,Centered,2,38,0,127,Mod Matrix
novation_circuit_nrpn_115,novation_circuit,mod matrix 17 destination,sysex patch address: 191,0: Osc 1 & 2 pitch; 1: Osc 1 pitch; 2: Osc 2 pitch; 3: Osc 1 v-sync; 4: Osc 2 v-sync; 5: Osc 1 pulse width / index; 6: Osc 2 pulse width / index; 7: Osc 1 level; 8: Osc 2 level; 9: Noise level; 10: Ring modulation 1*2 level; 11: Filter drive amount; 12: Filter frequency; 13: Filter resonance; 14: LFO 1 rate; 15: LFO 2 rate; 16: Amp envelope decay; 17: Filter envelope decay,0-based,2,39,0,17,Mod Matrix
novation_circuit_nrpn_116,novation_circuit,mod matrix 18 source 1,sysex patch address: 192,0: Direct; 1: Modulation wheel; 2: After touch; 3: Expression; 4: Velocity; 5: Keyboard; 6: LFO 1 +; 7: LFO 1 +/-; 8: LFO 2 +; 9: LFO 2 +/-; 10: Env amp; 11: Env filter; 12: Env 3,0-based,2,40,0,12,Mod Matrix
novation_circuit_nrpn_117,novation_circuit,mod matrix 18 source 2,sysex patch address: 193,0: Direct; 1: Modulation wheel; 2: After touch; 3: Expression; 4: Velocity; 5: Keyboard; 6: LFO 1 +; 7: LFO 1 +/-; 8: LFO 2 +; 9: LFO 2 +/-; 10: Env amp; 11: Env filter; 12: Env 3,0-based,2,42,0,12,Mod Matrix
novation_circuit_nrpn_118,novation_circuit,mod matrix 18 depth,sysex patch address: 194,,Centered,2,43,0,127,Mod Matrix
novation_circuit_nrpn_119,novation_circuit,mod matrix 18 destination,sysex patch address: 195,0: Osc 1 & 2 pitch; 1: Osc 1 pitch; 2: Osc 2 pitch; 3: Osc 1 v-sync; 4: Osc 2 v-sync; 5: Osc 1 pulse width / index; 6: Osc 2 pulse width / index; 7: Osc 1 level; 8: Osc 2 level; 9: Noise level; 10: Ring modulation 1*2 level; 11: Filter drive amount; 12: Filter frequency; 13: Filter resonance; 14: LFO 1 rate; 15: LFO 2 rate; 16: Amp envelope decay; 17: Filter envelope decay,0-based,2,44,0,17,Mod Matrix
novation_circuit_nrpn_120,novation_circuit,mod matrix 19 source 1,sysex patch address: 196,0: Direct; 1: Modulation wheel; 2: After touch; 3: Expression; 4: Velocity; 5: Keyboard; 6: LFO 1 +; 7: LFO 1 +/-; 8: LFO 2 +; 9: LFO 2 +/-; 10: Env amp; 11: Env filter; 12: Env 3,0-based,2,45,0,12,Mod Matrix
novation_circuit_nrpn_121,novation_circuit,mod matrix 19 source 2,sysex patch address: 197,0: Direct; 1: Modulation wheel; 2: After touch; 3: Expression; 4: Velocity; 5: Keyboard; 6: LFO 1 +; 7: LFO 1 +/-; 8: LFO 2 +; 9: LFO 2 +/-; 10: Env amp; 11: Env filter; 12: Env 3,0-based,2,47,0,12,Mod Matrix
novation_circuit_nrpn_122,novation_circuit,mod matrix 19 depth,sysex patch address: 198,,Centered,2,48,0,127,Mod Matrix
novation_circuit_nrpn_123,novation_circuit,mod matrix 19 destination,sysex patch address: 199,0: Osc 1 & 2 pitch; 1: Osc 1 pitch; 2: Osc 2 pitch; 3: Osc 1 v-sync; 4: Osc 2 v-sync; 5: Osc 1 pulse width / index; 6: Osc 2 pulse width / index; 7: Osc 1 level; 8: Osc 2 level; 9: Noise level; 10: Ring modulation 1*2 level; 11: Filter drive amount; 12: Filter frequency; 13: Filter resonance; 14: LFO 1 rate; 15: LFO 2 rate; 16: Amp envelope decay; 17: Filter envelope decay,0-based,2,49,0,17,Mod Matrix
novation_circuit_nrpn_124,novation_circuit,mod matrix 20 source 1,sysex patch address: 200,0: Direct; 1: Modulation wheel; 2: After touch; 3: Expression; 4: Velocity; 5: Keyboard; 6: LFO 1 +; 7: LFO 1 +/-; 8: LFO 2 +; 9: LFO 2 +/-; 10: Env amp; 11: Env filter; 12: Env 3,0-based,2,50,0,12,Mod Matrix
novation_circuit_nrpn_125,novation_circuit,mod matrix 20 source 2,sysex patch address: 201,0: Direct; 1: Modulation wheel; 2: After touch; 3: Expression; 4: Velocity; 5: Keyboard; 6: LFO 1 +; 7: LFO 1 +/-; 8: LFO 2 +; 9: LFO 2 +/-; 10: Env amp; 11: Env filter; 12: Env 3,0-based,2,52,0,12,Mod Matrix
novation_circuit_nrpn_126,novation_circuit,mod matrix 20 depth,sysex patch address: 202,,Centered,2,53,0,127,Mod Matrix
novation_circuit_nrpn_127,novation_circuit,mod matrix 20 destination,sysex patch address: 203,0: Osc 1 & 2 pitch; 1: Osc 1 pitch; 2: Osc 2 pitch; 3: Osc 1 v-sync; 4: Osc 2 v-sync; 5: Osc 1 pulse width / index; 6: Osc 2 pulse width / index; 7: Osc 1 level; 8: Osc 2 level; 9: Noise level; 10: Ring modulation 1*2 level; 11: Filter drive amount; 12: Filter frequency; 13: Filter resonance; 14: LFO 1 rate; 15: LFO 2 rate; 16: Amp envelope decay; 17: Filter envelope decay,0-based,2,54,0,17,Mod Matrix
novation_circuit_nrpn_128,novation_circuit,macro knob 1 destination A,sysex patch address: 205,,0-based,3,0,0,70,Macro Knob
novation_circuit_nrpn_129,novation_circuit,macro knob 1 start position A,sysex patch address: 206,,0-based,3,1,0,127,Macro Knob
novation_circuit_nrpn_130,novation_circuit,macro knob 1 end position A,sysex patch address: 207,,0-based,3,2,0,127,Macro Knob
novation_circuit_nrpn_131,novation_circuit,macro knob 1 depth A,sysex patch address: 208,,Centered,3,3,0,127,Macro Knob
novation_circuit_nrpn_132,novation_circuit,macro knob 1 destination B,sysex patch address: 209,,0-based,3,4,0,70,Macro Knob
novation_circuit_nrpn_133,novation_circuit,macro knob 1 start position B,sysex patch address: 210,,0-based,3,5,0,127,Macro Knob
novation_circuit_nrpn_134,novation_circuit,macro knob 1 end position B,sysex patch address: 211,,0-based,3,6,0,127,Macro Knob
novation_circuit_nrpn_135,novation_circuit,macro knob 1 depth B,sysex patch address: 212,,Centered,3,7,0,127,Macro Knob
novation_circuit_nrpn_136,novation_circuit,macro knob 1 destination C,sysex patch address: 213,,0-based,3,8,0,70,Macro Knob
novation_circuit_nrpn_137,novation_circuit,macro knob 1 start position C,sysex patch address: 214,,0-based,3,9,0,127,Macro Knob
novation_circuit_nrpn_138,novation_circuit,macro knob 1 end position C,sysex patch address: 215,,0-based,3,10,0,127,Macro Knob
novation_circuit_nrpn_139,novation_circuit,macro knob 1 depth C,sysex patch address: 216,,Centered,3,11,0,127,Macro Knob
novation_circuit_nrpn_140,novation_circuit,macro knob 1 destination D,sysex patch address: 217,,0-based,3,12,0,70,Macro Knob
novation_circuit_nrpn_141,novation_circuit,macro knob 1 start position D,sysex patch address: 218,,0-based,3,13,0,127,Macro Knob
novation_circuit_nrpn_142,novation_circuit,macro knob 1 end position D,sysex patch address: 219,,0-based,3,14,0,127,Macro Knob
novation_circuit_nrpn_143,novation_circuit,macro knob 1 depth D,sysex patch address: 220,,Centered,3,15,0,127,Macro Knob
novation_circuit_nrpn_144,novation_circuit,macro knob 2 destination A,sysex patch address: 222,,0-based,3,16,0,70,Macro Knob
novation_circuit_nrpn_145,novation_circuit,macro knob 2 start position A,sysex patch address: 223,,0-based,3,17,0,127,Macro Knob
novation_circuit_nrpn_146,novation_circuit,macro knob 2 end position A,sysex patch address: 224,,0-based,3,18,0,127,Macro Knob
novation_circuit_nrpn_147,novation_circuit,macro knob 2 depth A,sysex patch address: 225,,Centered,3,19,0,127,Macro Knob
novation_circuit_nrpn_148,novation_circuit,macro knob 2 destination B,sysex patch address: 226,,0-based,3,20,0,70,Macro Knob
novation_circuit_nrpn_149,novation_circuit,macro knob 2 start position B,sysex patch address: 227,,0-based,3,21,0,127,Macro Knob
novation_circuit_nrpn_150,novation_circuit,macro knob 2 end position B,sysex patch address: 228,,0-based,3,22,0,127,Macro Knob
novation_circuit_nrpn_151,novation_circuit,macro knob 2 depth B,sysex patch address: 229,,Centered,3,23,0,127,Macro Knob
novation_circuit_nrpn_152,novation_circuit,macro knob 2 destination C,sysex patch address: 230,,0-based,3,24,0,70,Macro Knob
novation_circuit_nrpn_153,novation_circuit,macro knob 2 start position C,sysex patch address: 231,,0-based,3,25,0,127,Macro Knob
novation_circuit_nrpn_154,novation_circuit,macro knob 2 end position C,sysex patch address: 232,,0-based,3,26,0,127,Macro Knob
novation_circuit_nrpn_155,novation_circuit,macro knob 2 depth C,sysex patch address: 233,,Centered,3,27,0,127,Macro Knob
novation_circuit_nrpn_156,novation_circuit,macro knob 2 destination D,sysex patch address: 234,,0-based,3,28,0,70,Macro Knob
novation_circuit_nrpn_157,novation_circuit,macro knob 2 start position D,sysex patch address: 235,,0-based,3,29,0,127,Macro Knob
novation_circuit_nrpn_158,novation_circuit,macro knob 2 end position D,sysex patch address: 236,,0-based,3,30,0,127,Macro Knob
novation_circuit_nrpn_159,novation_circuit,macro knob 2 depth D,sysex patch address: 237,,Centered,3,31,0,127,Macro Knob
novation_circuit_nrpn_160,novation_circuit,macro knob 3 destination A,sysex patch address: 239,,0-based,3,32,0,70,Macro Knob
novation_circuit_nrpn_161,novation_circuit,macro knob 3 start position A,sysex patch address: 240,,0-based,3,33,0,127,Macro Knob
novation_circuit_nrpn_162,novation_circuit,macro knob 3 end position A,sysex patch address: 241,,0-based,3,34,0,127,Macro Knob
novation_circuit_nrpn_163,novation_circuit,macro knob 3 depth A,sysex patch address: 242,,Centered,3,35,0,127,Macro Knob
novation_circuit_nrpn_164,novation_circuit,macro knob 3 destination B,sysex patch address: 243,,0-based,3,36,0,70,Macro Knob
novation_circuit_nrpn_165,novation_circuit,macro knob 3 start position B,sysex patch address: 244,,0-based,3,37,0,127,Macro Knob
novation_circuit_nrpn_166,novation_circuit,macro knob 3 end position B,sysex patch address: 245,,0-based,3,38,0,127,Macro Knob
novation_circuit_nrpn_167,novation_circuit,macro knob 3 depth B,sysex patch address: 246,,Centered,3,39,0,127,Macro Knob
novation_circuit_nrpn_168,novation_circuit,macro knob 3 destination C,sysex patch address: 247,,0-based,3,40,0,70,Macro Knob
novation_circuit_nrpn_169,novation_circuit,macro knob 3 start position C,sysex patch address: 248,,0-based,3,41,0,127,Macro Knob
novation_circuit_nrpn_170,novation_circuit,macro knob 3 end position C,sysex patch address: 249,,0-based,3,42,0,127,Macro Knob
novation_circuit_nrpn_171,novation_circuit,macro knob 3 depth C,sysex patch address: 250,,Centered,3,43,0,127,Macro Knob
novation_circuit_nrpn_172,novation_circuit,macro knob 3 destination D,sysex patch address: 251,,0-based,3,44,0,70,Macro Knob
novation_circuit_nrpn_173,novation_circuit,macro knob 3 start position D,sysex patch address: 252,,0-based,3,45,0,127,Macro Knob
novation_circuit_nrpn_174,novation_circuit,macro knob 3 end position D,sysex patch address: 253,,0-based,3,46,0,127,Macro Knob
novation_circuit_nrpn_175,novation_circuit,macro knob 3 depth D,sysex patch address: 254,,Centered,3,47,0,127,Macro Knob
novation_circuit_nrpn_176,novation_circuit,macro knob 4 destination A,sysex patch address: 256,,0-based,3,48,0,70,Macro Knob
novation_circuit_nrpn_177,novation_circuit,macro knob 4 start position A,sysex patch address: 257,,0-based,3,49,0,127,Macro Knob
novation_circuit_nrpn_178,novation_circuit,macro knob 4 end position A,sysex patch address: 258,,0-based,3,50,0,127,Macro Knob
novation_circuit_nrpn_179,novation_circuit,macro knob 4 depth A,sysex patch address: 259,,Centered,3,51,0,127,Macro Knob
novation_circuit_nrpn_180,novation_circuit,macro knob 4 destination B,sysex patch address: 260,,0-based,3,52,0,70,Macro Knob
novation_circuit_nrpn_181,novation_circuit,macro knob 4 start position B,sysex patch address: 261,,0-based,3,53,0,127,Macro Knob
novation_circuit_nrpn_182,novation_circuit,macro knob 4 end position B,sysex patch address: 262,,0-based,3,54,0,127,Macro Knob
novation_circuit_nrpn_183,novation_circuit,macro knob 4 depth B,sysex patch address: 263,,Centered,3,55,0,127,Macro Knob
novation_circuit_nrpn_184,novation_circuit,macro knob 4 destination C,sysex patch address: 264,,0-based,3,56,0,70,Macro Knob
novation_circuit_nrpn_185,novation_circuit,macro knob 4 start position C,sysex patch address: 265,,0-based,3,57,0,127,Macro Knob
novation_circuit_nrpn_186,novation_circuit,macro knob 4 end position C,sysex patch address: 266,,0-based,3,58,0,127,Macro Knob
novation_circuit_nrpn_187,novation_circuit,macro knob 4 depth C,sysex patch address: 267,,Centered,3,59,0,127,Macro Knob
novation_circuit_nrpn_188,novation_circuit,macro knob 4 destination D,sysex patch address: 268,,0-based,3,60,0,70,Macro Knob
novation_circuit_nrpn_189,novation_circuit,macro knob 4 start position D,sysex patch address: 269,,0-based,3,61,0,127,Macro Knob
novation_circuit_nrpn_190,novation_circuit,macro knob 4 end position D,sysex patch address: 270,,0-based,3,62,0,127,Macro Knob
novation_circuit_nrpn_191,novation_circuit,macro knob 4 depth D,sysex patch address: 271,,Centered,3,63,0,127,Macro Knob
novation_circuit_nrpn_192,novation_circuit,macro knob 5 destination A,sysex patch address: 273,,0-based,3,64,0,70,Macro Knob
novation_circuit_nrpn_193,novation_circuit,macro knob 5 start position A,sysex patch address: 274,,0-based,3,65,0,127,Macro Knob
novation_circuit_nrpn_194,novation_circuit,macro knob 5 end position A,sysex patch address: 275,,0-based,3,66,0,127,Macro Knob
novation_circuit_nrpn_195,novation_circuit,macro knob 5 depth A,sysex patch address: 276,,Centered,3,67,0,127,Macro Knob
novation_circuit_nrpn_196,novation_circuit,macro knob 5 destination B,sysex patch address: 277,,0-based,3,68,0,70,Macro Knob
novation_circuit_nrpn_197,novation_circuit,macro knob 5 start position B,sysex patch address: 278,,0-based,3,69,0,127,Macro Knob
novation_circuit_nrpn_198,novation_circuit,macro knob 5 end position B,sysex patch address: 279,,0-based,3,70,0,127,Macro Knob
novation_circuit_nrpn_199,novation_circuit,macro knob 5 depth B,sysex patch address: 280,,Centered,3,71,0,127,Macro Knob
novation_circuit_nrpn_200,novation_circuit,macro knob 5 destination C,sysex patch address: 281,,0-based,3,72,0,70,Macro Knob
novation_circuit_nrpn_201,novation_circuit,macro knob 5 start position C,sysex patch address: 282,,0-based,3,73,0,127,Macro Knob
novation_circuit_nrpn_202,novation_circuit,macro knob 5 end position C,sysex patch address: 283,,0-based,3,74,0,127,Macro Knob
novation_circuit_nrpn_203,novation_circuit,macro knob 5 depth C,sysex patch address: 284,,Centered,3,75,0,127,Macro Knob
novation_circuit_nrpn_204,novation_circuit,macro knob 5 destination D,sysex patch address: 285,,0-based,3,76,0,70,Macro Knob
novation_circuit_nrpn_205,novation_circuit,macro knob 5 start position D,sysex patch address: 286,,0-based,3,77,0,127,Macro Knob
novation_circuit_nrpn_206,novation_circuit,macro knob 5 end position D,sysex patch address: 287,,0-based,3,78,0,127,Macro Knob
novation_circuit_nrpn_207,novation_circuit,macro knob 5 depth D,sysex patch address: 288,,Centered,3,79,0,127,Macro Knob
novation_circuit_nrpn_208,novation_circuit,macro knob 6 destination A,sysex patch address: 290,,0-based,3,80,0,70,Macro Knob
novation_circuit_nrpn_209,novation_circuit,macro knob 6 start position A,sysex patch address: 291,,0-based,3,81,0,127,Macro Knob
novation_circuit_nrpn_210,novation_circuit,macro knob 6 end position A,sysex patch address: 292,,0-based,3,82,0,127,Macro Knob
novation_circuit_nrpn_211,novation_circuit,macro knob 6 depth A,sysex patch address: 293,,Centered,3,83,0,127,Macro Knob
novation_circuit_nrpn_212,novation_circuit,macro knob 6 destination B,sysex patch address: 294,,0-based,3,84,0,70,Macro Knob
novation_circuit_nrpn_213,novation_circuit,macro knob 6 start position B,sysex patch address: 295,,0-based,3,85,0,127,Macro Knob
novation_circuit_nrpn_214,novation_circuit,macro knob 6 end position B,sysex patch address: 296,,0-based,3,86,0,127,Macro Knob
novation_circuit_nrpn_215,novation_circuit,macro knob 6 depth B,sysex patch address: 297,,Centered,3,87,0,127,Macro Knob
novation_circuit_nrpn_216,novation_circuit,macro knob 6 destination C,sysex patch address: 298,,0-based,3,88,0,70,Macro Knob
novation_circuit_nrpn_217,novation_circuit,macro knob 6 start position C,sysex patch address: 299,,0-based,3,89,0,127,Macro Knob
novation_circuit_nrpn_218,novation_circuit,macro knob 6 end position C,sysex patch address: 300,,0-based,3,90,0,127,Macro Knob
novation_circuit_nrpn_219,novation_circuit,macro knob 6 depth C,sysex patch address: 301,,Centered,3,91,0,127,Macro Knob
novation_circuit_nrpn_220,novation_circuit,macro knob 6 destination D,sysex patch address: 302,,0-based,3,92,0,70,Macro Knob
novation_circuit_nrpn_221,novation_circuit,macro knob 6 start position D,sysex patch address: 303,,0-based,3,93,0,127,Macro Knob
novation_circuit_nrpn_222,novation_circuit,macro knob 6 end position D,sysex patch address: 304,,0-based,3,94,0,127,Macro Knob
novation_circuit_nrpn_223,novation_circuit,macro knob 6 depth D,sysex patch address: 305,,Centered,3,95,0,127,Macro Knob
novation_circuit_nrpn_224,novation_circuit,macro knob 7 destination A,sysex patch address: 307,,0-based,3,96,0,70,Macro Knob
novation_circuit_nrpn_225,novation_circuit,macro knob 7 start position A,sysex patch address: 308,,0-based,3,97,0,127,Macro Knob
novation_circuit_nrpn_226,novation_circuit,macro knob 7 end position A,sysex patch address: 309,,0-based,3,98,0,127,Macro Knob
novation_circuit_nrpn_227,novation_circuit,macro knob 7 depth A,sysex patch address: 310,,Centered,3,99,0,127,Macro Knob
novation_circuit_nrpn_228,novation_circuit,macro knob 7 destination B,sysex patch address: 311,,0-based,3,100,0,70,Macro Knob
novation_circuit_nrpn_229,novation_circuit,macro knob 7 start position B,sysex patch address: 312,,0-based,3,101,0,127,Macro Knob
novation_circuit_nrpn_230,novation_circuit,macro knob 7 end position B,sysex patch address: 313,,0-based,3,102,0,127,Macro Knob
novation_circuit_nrpn_231,novation_circuit,macro knob 7 depth B,sysex patch address: 314,,Centered,3,103,0,127,Macro Knob
novation_circuit_nrpn_232,novation_circuit,macro knob 7 destination C,sysex patch address: 315,,0-based,3,104,0,70,Macro Knob
novation_circuit_nrpn_233,novation_circuit,macro knob 7 start position C,sysex patch address: 316,,0-based,3,105,0,127,Macro Knob
novation_circuit_nrpn_234,novation_circuit,macro knob 7 end position C,sysex patch address: 317,,0-based,3,106,0,127,Macro Knob
novation_circuit_nrpn_235,novation_circuit,macro knob 7 depth C,sysex patch address: 318,,Centered,3,107,0,127,Macro Knob
novation_circuit_nrpn_236,novation_circuit,macro knob 7 destination D,sysex patch address: 319,,0-based,3,108,0,70,Macro Knob
novation_circuit_nrpn_237,novation_circuit,macro knob 7 start position D,sysex patch address: 320,,0-based,3,109,0,127,Macro Knob
novation_circuit_nrpn_238,novation_circuit,macro knob 7 end position D,sysex patch address: 321,,0-based,3,110,0,127,Macro Knob
novation_circuit_nrpn_239,novation_circuit,macro knob 7 depth D,sysex patch address: 322,,Centered,3,111,0,127,Macro Knob
novation_circuit_nrpn_240,novation_circuit,macro knob 8 destination A,sysex patch address: 324,,0-based,3,112,0,70,Macro Knob
novation_circuit_nrpn_241,novation_circuit,macro knob 8 start position A,sysex patch address: 325,,0-based,3,113,0,127,Macro Knob
novation_circuit_nrpn_242,novation_circuit,macro knob 8 end position A,sysex patch address: 326,,0-based,3,114,0,127,Macro Knob
novation_circuit_nrpn_243,novation_circuit,macro knob 8 depth A,sysex patch address: 327,,Centered,3,115,0,127,Macro Knob
novation_circuit_nrpn_244,novation_circuit,macro knob 8 destination B,sysex patch address: 328,,0-based,3,116,0,70,Macro Knob
novation_circuit_nrpn_245,novation_circuit,macro knob 8 start position B,sysex patch address: 329,,0-based,3,117,0,127,Macro Knob
novation_circuit_nrpn_246,novation_circuit,macro knob 8 end position B,sysex patch address: 330,,0-based,3,118,0,127,Macro Knob
novation_circuit_nrpn_247,novation_circuit,macro knob 8 depth B,sysex patch address: 331,,Centered,3,119,0,127,Macro Knob
novation_circuit_nrpn_248,novation_circuit,macro knob 8 destination C,sysex patch address: 332,,0-based,3,120,0,70,Macro Knob
novation_circuit_nrpn_249,novation_circuit,macro knob 8 start position C,sysex patch address: 333,,0-based,3,121,0,127,Macro Knob
novation_circuit_nrpn_250,novation_circuit,macro knob 8 end position C,sysex patch address: 334,,0-based,3,122,0,127,Macro Knob
novation_circuit_nrpn_251,novation_circuit,macro knob 8 depth C,sysex patch address: 335,,Centered,3,123,0,127,Macro Knob
novation_circuit_nrpn_252,novation_circuit,macro knob 8 destination D,sysex patch address: 336,,0-based,3,124,0,70,Macro Knob
novation_circuit_nrpn_253,novation_circuit,macro knob 8 start position D,sysex patch address: 337,,0-based,3,125,0,127,Macro Knob
novation_circuit_nrpn_254,novation_circuit,macro knob 8 end position D,sysex patch address: 338,,0-based,3,126,0,127,Macro Knob
novation_circuit_nrpn_255,novation_circuit,macro knob 8 depth D,sysex patch address: 339,,Centered,3,127,0,127,Macro Knob
novation_summit_and_peak_nrpn_0,novation_summit_and_peak,Voice Mode,,,0-based,0,2,0,16383,Parameter
novation_summit_and_peak_nrpn_1,novation_summit_and_peak,Unison,,,0-based,0,3,0,16383,Parameter
novation_summit_and_peak_nrpn_2,novation_summit_and_peak,Unison Detune,,,0-based,0,4,0,16383,Parameter
novation_summit_and_peak_nrpn_3,novation_summit_and_peak,Spread,,,0-based,0,5,0,16383,Parameter
novation_summit_and_peak_nrpn_4,novation_summit_and_peak,PAN Posn,,,0-based,0,51,0,16383,Parameter
novation_summit_and_peak_nrpn_5,novation_summit_and_peak,Spreadmode,,,0-based,0,52,0,16383,Parameter
novation_summit_and_peak_nrpn_6,novation_summit_and_peak,PRE Glide,,,0-based,0,7,0,16383,Parameter
novation_summit_and_peak_nrpn_7,novation_summit_and_peak,Diverge,,,0-based,0,9,0,16383,Parameter
novation_summit_and_peak_nrpn_8,novation_summit_and_peak,Drift,,,0-based,0,10,0,16383,Parameter
novation_summit_and_peak_nrpn_9,novation_summit_and_peak,Noise LPF,,,0-based,0,11,0,16383,Parameter
novation_summit_and_peak_nrpn_10,novation_summit_and_peak,Noise HPF,,,0-based,0,12,0,16383,Parameter
novation_summit_and_peak_nrpn_11,novation_summit_and_peak,OSC1 Wave,,,0-based,0,14,0,16383,Parameter
novation_summit_and_peak_nrpn_12,novation_summit_and_peak,OSC1 Wave More,,,0-based,0,15,0,16383,Parameter
novation_summit_and_peak_nrpn_13,novation_summit_and_peak,OSC1 SAW Dense,,,0-based,0,17,0,16383,Parameter
novation_summit_and_peak_nrpn_14,novation_summit_and_peak,OSC1 SAW Detune,,,0-based,0,18,0,16383,Parameter
novation_summit_and_peak_nrpn_15,novation_summit_and_peak,OSC1 Fixed Note,,,0-based,0,19,0,16383,Parameter
novation_summit_and_peak_nrpn_16,novation_summit_and_peak,OSC1 Bend Range,,,0-based,0,20,0,16383,Parameter
novation_summit_and_peak_nrpn_17,novation_summit_and_peak,OSC2 Wave,,,0-based,0,23,0,16383,Parameter
novation_summit_and_peak_nrpn_18,novation_summit_and_peak,OSC2 Wave More,,,0-based,0,24,0,16383,Parameter
novation_summit_and_peak_nrpn_19,novation_summit_and_peak,OSC2 SAW Dense,,,0-based,0,26,0,16383,Parameter
novation_summit_and_peak_nrpn_20,novation_summit_and_peak,OSC2 SAW Detune,,,0-based,0,27,0,16383,Parameter
novation_summit_and_peak_nrpn_21,novation_summit_and_peak,OSC2 Fixed Note,,,0-based,0,28,0,16383,Parameter
novation_summit_and_peak_nrpn_22,novation_summit_and_peak,OSC2 Bend Range,,,0-based,0,29,0,16383,Parameter
novation_summit_and_peak_nrpn_23,novation_summit_and_peak,OSC3 Wave,,,0-based,0,32,0,16383,Parameter
novation_summit_and_peak_nrpn_24,novation_summit_and_peak,OSC3 Wave More,,,0-based,0,33,0,16383,Parameter
novation_summit_and_peak_nrpn_25,novation_summit_and_peak,OSC3 SAW Dense,,,0-based,0,35,0,16383,Parameter
novation_summit_and_peak_nrpn_26,novation_summit_and_peak,OSC3 SAW Detune,,,0-based,0,36,0,16383,Parameter
novation_summit_and_peak_nrpn_27,novation_summit_and_peak,OSC3 Fixed Note,,,0-based,0,37,0,16383,Parameter
novation_summit_and_peak_nrpn_28,novation_summit_and_peak,OSC3 Bend Range,,,0-based,0,38,0,16383,Parameter
novation_summit_and_peak_nrpn_29,novation_summit_and_peak,Patch Level,,,0-based,0,41,0,16383,Parameter
novation_summit_and_peak_nrpn_30,novation_summit_and_peak,VCA Level,,,0-based,0,42,0,16383,Parameter
novation_summit_and_peak_nrpn_31,novation_summit_and_peak,DRY Level,,,0-based,0,43,0,16383,Parameter
novation_summit_and_peak_nrpn_32,novation_summit_and_peak,WET Level,,,0-based,0,44,0,16383,Parameter
novation_summit_and_peak_nrpn_33,novation_summit_and_peak,Filt Slope,,,0-based,0,45,0,16383,Parameter
novation_summit_and_peak_nrpn_34,novation_summit_and_peak,Filt Type,,,0-based,0,46,0,16383,Parameter
novation_summit_and_peak_nrpn_35,novation_summit_and_peak,Filt ENV Select,,,0-based,0,47,0,16383,Parameter
novation_summit_and_peak_nrpn_36,novation_summit_and_peak,Filt Diverge,,,0-based,0,48,0,16383,Parameter
novation_summit_and_peak_nrpn_37,novation_summit_and_peak,AMP VEL,,,0-based,0,55,0,16383,Parameter
novation_summit_and_peak_nrpn_38,novation_summit_and_peak,AMP Trig,,,0-based,0,56,0,16383,Parameter
novation_summit_and_peak_nrpn_39,novation_summit_and_peak,MOD1 VEL,,,0-based,0,60,0,16383,Parameter
novation_summit_and_peak_nrpn_40,novation_summit_and_peak,MOD1 Trig,,,0-based,0,61,0,16383,Parameter
novation_summit_and_peak_nrpn_41,novation_summit_and_peak,MOD2 VEL,,,0-based,0,64,0,16383,Parameter
novation_summit_and_peak_nrpn_42,novation_summit_and_peak,MOD2 Trig,,,0-based,0,65,0,16383,Parameter
novation_summit_and_peak_nrpn_43,novation_summit_and_peak,LFO1 Range,,,0-based,0,68,0,16383,Parameter
novation_summit_and_peak_nrpn_44,novation_summit_and_peak,LFO1 Wave,,,0-based,0,69,0,16383,Parameter
novation_summit_and_peak_nrpn_45,novation_summit_and_peak,LFO1 Phase,,,0-based,0,70,0,16383,Parameter
novation_summit_and_peak_nrpn_46,novation_summit_and_peak,LFO1 Slew,,,0-based,0,71,0,16383,Parameter
novation_summit_and_peak_nrpn_47,novation_summit_and_peak,LFO1 Fade IN OUT,,,0-based,0,72,0,16383,Parameter
novation_summit_and_peak_nrpn_48,novation_summit_and_peak,LFO1 Oneshot,,,0-based,0,75,0,16383,Parameter
novation_summit_and_peak_nrpn_49,novation_summit_and_peak,LFO1 Common,,,0-based,0,76,0,16383,Parameter
novation_summit_and_peak_nrpn_50,novation_summit_and_peak,LFO2 Wave,,,0-based,0,78,0,16383,Parameter
novation_summit_and_peak_nrpn_51,novation_summit_and_peak,LFO2 Phase,,,0-based,0,79,0,16383,Parameter
novation_summit_and_peak_nrpn_52,novation_summit_and_peak,LFO2 Slew,,,0-based,0,80,0,16383,Parameter
novation_summit_and_peak_nrpn_53,novation_summit_and_peak,LFO2 Fade IN OUT,,,0-based,0,81,0,16383,Parameter
novation_summit_and_peak_nrpn_54,novation_summit_and_peak,LFO2 ONE Shot,,,0-based,0,84,0,16383,Parameter
novation_summit_and_peak_nrpn_55,novation_summit_and_peak,LFO2 Common,,,0-based,0,85,0,16383,Parameter
novation_summit_and_peak_nrpn_56,novation_summit_and_peak,FX Bypass,,,0-based,0,88,0,16383,Parameter
novation_summit_and_peak_nrpn_57,novation_summit_and_peak,FX Routing,,,0-based,0,89,0,16383,Parameter
novation_summit_and_peak_nrpn_58,novation_summit_and_peak,DLY Ratio,,,0-based,0,91,0,16383,Parameter
novation_summit_and_peak_nrpn_59,novation_summit_and_peak,DLY Width,,,0-based,0,92,0,16383,Parameter
novation_summit_and_peak_nrpn_60,novation_summit_and_peak,DLY Sync,,,0-based,0,93,0,16383,Parameter
novation_summit_and_peak_nrpn_61,novation_summit_and_peak,DLY Sync Time,,,0-based,0,94,0,16383,Parameter
novation_summit_and_peak_nrpn_62,novation_summit_and_peak,DLY LP Damp,,,0-based,0,95,0,16383,Parameter
novation_summit_and_peak_nrpn_63,novation_summit_and_peak,DLY HP Damp,,,0-based,0,96,0,16383,Parameter
novation_summit_and_peak_nrpn_64,novation_summit_and_peak,DLY Slew,,,0-based,0,97,0,16383,Parameter
novation_summit_and_peak_nrpn_65,novation_summit_and_peak,REV Type,,,0-based,0,101,0,16383,Parameter
novation_summit_and_peak_nrpn_66,novation_summit_and_peak,REV LP Damp,,,0-based,0,102,0,16383,Parameter
novation_summit_and_peak_nrpn_67,novation_summit_and_peak,REV HP Damp,,,0-based,0,103,0,16383,Parameter
novation_summit_and_peak_nrpn_68,novation_summit_and_peak,REV Size,,,0-based,0,104,0,16383,Parameter
novation_summit_and_peak_nrpn_69,novation_summit_and_peak,REV MOD,,,0-based,0,105,0,16383,Parameter
novation_summit_and_peak_nrpn_70,novation_summit_and_peak,REV MOD Rate,,,0-based,0,106,0,16383,Parameter
novation_summit_and_peak_nrpn_71,novation_summit_and_peak,REV LPF,,,0-based,0,107,0,16383,Parameter
novation_summit_and_peak_nrpn_72,novation_summit_and_peak,REV HPF,,,0-based,0,108,0,16383,Parameter
novation_summit_and_peak_nrpn_73,novation_summit_and_peak,REV PRE DLY,,,0-based,0,109,0,16383,Parameter
novation_summit_and_peak_nrpn_74,novation_summit_and_peak,Chorus Type,,,0-based,0,111,0,16383,Parameter
novation_summit_and_peak_nrpn_75,novation_summit_and_peak,Chorus MOD Dpth,,,0-based,0,112,0,16383,Parameter
novation_summit_and_peak_nrpn_76,novation_summit_and_peak,Chorus LPF,,,0-based,0,113,0,16383,Parameter
novation_summit_and_peak_nrpn_77,novation_summit_and_peak,Chorus HPF,,,0-based,0,114,0,16383,Parameter
novation_summit_and_peak_nrpn_78,novation_summit_and_peak,CH FL PH,,,0-based,0,115,0,16383,Parameter
novation_summit_and_peak_nrpn_79,novation_summit_and_peak,LFO3 Wave,,,0-based,25,0,0,16383,Parameter
novation_summit_and_peak_nrpn_80,novation_summit_and_peak,LFO3 Rate,,,0-based,25,1,0,16383,Parameter
novation_summit_and_peak_nrpn_81,novation_summit_and_peak,LFO Sync Rate,,,0-based,25,2,0,16383,Parameter
novation_summit_and_peak_nrpn_82,novation_summit_and_peak,LFO4 Wave,,,0-based,25,3,0,16383,Parameter
novation_summit_and_peak_nrpn_83,novation_summit_and_peak,LFO4 Rate,,,0-based,25,4,0,16383,Parameter
novation_summit_and_peak_nrpn_84,novation_summit_and_peak,LFO4 Sync,,,0-based,25,26,0,16383,Parameter
novation_summit_and_peak_nrpn_85,novation_summit_and_peak,Tuning Table,,,0-based,25,6,0,16383,Parameter
novation_summit_and_peak_nrpn_86,novation_summit_and_peak,Filtshape,,,0-based,25,9,0,16383,Parameter
novation_summit_and_peak_nrpn_87,novation_summit_and_peak,Filt Separate,,,0-based,25,10,0,16383,Parameter
novation_summit_and_peak_nrpn_88,novation_summit_and_peak,EXT AUD IN,,,0-based,25,11,0,16383,Parameter
novation_summit_and_peak_nrpn_89,novation_summit_and_peak,FM Osc31,,,0-based,25,13,0,16383,Parameter
novation_summit_and_peak_nrpn_90,novation_summit_and_peak,ENV2 Osc31,,,0-based,25,14,0,16383,Parameter
novation_summit_and_peak_nrpn_91,novation_summit_and_peak,LFO2 Osc31,,,0-based,25,15,0,16383,Parameter
novation_summit_and_peak_nrpn_92,novation_summit_and_peak,FM Osc12,,,0-based,25,17,0,16383,Parameter
novation_summit_and_peak_nrpn_93,novation_summit_and_peak,ENV2 Osc12,,,0-based,25,18,0,16383,Parameter
novation_summit_and_peak_nrpn_94,novation_summit_and_peak,LFO2 Osc21,,,0-based,25,19,0,16383,Parameter
novation_summit_and_peak_nrpn_95,novation_summit_and_peak,FM Osc23,,,0-based,25,21,0,16383,Parameter
novation_summit_and_peak_nrpn_96,novation_summit_and_peak,ENV2 Osc23,,,0-based,25,22,0,16383,Parameter
novation_summit_and_peak_nrpn_97,novation_summit_and_peak,LFO2 Osc23,,,0-based,25,23,0,16383,Parameter
novation_summit_and_peak_nrpn_98,novation_summit_and_peak,LFO3 Sync,,,0-based,25,25,0,16383,Parameter
novation_summit_and_peak_nrpn_99,novation_summit_and_peak,ENV1 Loop,,,0-based,25,27,0,16383,Parameter
novation_summit_and_peak_nrpn_100,novation_summit_and_peak,ENV2 Loop,,,0-based,25,28,0,16383,Parameter
novation_summit_and_peak_nrpn_101,novation_summit_and_peak,ENV3 Loop,,,0-based,25,29,0,16383,Parameter
novation_summit_and_peak_nrpn_102,novation_summit_and_peak,ENV1 Reps,,,0-based,0,58,0,16383,Parameter
novation_summit_and_peak_nrpn_103,novation_summit_and_peak,ENV2 Reps,,,0-based,0,63,0,16383,Parameter
novation_summit_and_peak_nrpn_104,novation_summit_and_peak,ENV3 Reps,,,0-based,0,67,0,16383,Parameter
novation_summit_and_peak_nrpn_105,novation_summit_and_peak,ENV1 DEL,,,0-based,25,30,0,16383,Parameter
novation_summit_and_peak_nrpn_106,novation_summit_and_peak,ENV2 DEL,,,0-based,25,31,0,16383,Parameter
novation_summit_and_peak_nrpn_107,novation_summit_and_peak,ENV3 DEL,,,0-based,25,32,0,16383,Parameter
novation_summit_and_peak_nrpn_108,novation_summit_and_peak,ARP Chance,,,0-based,25,33,0,16383,Parameter
novation_summit_and_peak_nrpn_109,novation_summit_and_peak,Anim1 ATT,,,0-based,25,34,0,16383,Parameter
novation_summit_and_peak_nrpn_110,novation_summit_and_peak,Anim1 REL,,,0-based,25,35,0,16383,Parameter
novation_summit_and_peak_nrpn_111,novation_summit_and_peak,Anim2 ATT,,,0-based,25,36,0,16383,Parameter
novation_summit_and_peak_nrpn_112,novation_summit_and_peak,Anim2 REL,,,0-based,25,37,0,16383,Parameter
novation_summit_and_peak_nrpn_113,novation_summit_and_peak,LFO3 Phase,,,0-based,25,38,0,16383,Parameter
novation_summit_and_peak_nrpn_114,novation_summit_and_peak,LFO3 Slew,,,0-based,25,39,0,16383,Parameter
novation_summit_and_peak_nrpn_115,novation_summit_and_peak,LFO3 Fade,,,0-based,25,40,0,16383,Parameter
novation_summit_and_peak_nrpn_116,novation_summit_and_peak,LFO4 Phase,,,0-based,25,41,0,16383,Parameter
novation_summit_and_peak_nrpn_117,novation_summit_and_peak,LFO4 Slew,,,0-based,25,42,0,16383,Parameter
novation_summit_and_peak_nrpn_118,novation_summit_and_peak,LFO Fade,,,0-based,25,43,0,16383,Parameter
novation_summit_and_peak_nrpn_119,novation_summit_and_peak,Deltype,,,0-based,25,44,0,16383,Parameter
novation_summit_and_peak_nrpn_120,novation_summit_and_peak,DEL Output,,,0-based,25,45,0,16383,Parameter
novation_summit_and_peak_nrpn_121,novation_summit_and_peak,MOD MX1 Depth,,,0-based,1,2,0,16383,Parameter
novation_summit_and_peak_nrpn_122,novation_summit_and_peak,MOD MX2 Depth,,,0-based,2,2,0,16383,Parameter
novation_summit_and_peak_nrpn_123,novation_summit_and_peak,MOD MX3 Depth,,,0-based,3,2,0,16383,Parameter
novation_summit_and_peak_nrpn_124,novation_summit_and_peak,MOD MX4 Depth,,,0-based,4,2,0,16383,Parameter
novation_summit_and_peak_nrpn_125,novation_summit_and_peak,MOD MX5 Depth,,,0-based,5,2,0,16383,Parameter
novation_summit_and_peak_nrpn_126,novation_summit_and_peak,MOD MX6 Depth,,,0-based,6,2,0,16383,Parameter
novation_summit_and_peak_nrpn_127,novation_summit_and_peak,MOD MX7 Depth,,,0-based,7,2,0,16383,Parameter
novation_summit_and_peak_nrpn_128,novation_summit_and_peak,MOD MX8 Depth,,,0-based,8,2,0,16383,Parameter
novation_summit_and_peak_nrpn_129,novation_summit_and_peak,MOD MX9 Depth,,,0-based,9,2,0,16383,Parameter
novation_summit_and_peak_nrpn_130,novation_summit_and_peak,MOD MX10 Depth,,,0-based,10,2,0,16383,Parameter
novation_summit_and_peak_nrpn_131,novation_summit_and_peak,MOD MX11 Depth,,,0-based,11,2,0,16383,Parameter
novation_summit_and_peak_nrpn_132,novation_summit_and_peak,MOD MX12 Depth,,,0-based,12,2,0,16383,Parameter
novation_summit_and_peak_nrpn_133,novation_summit_and_peak,MOD MX13 Depth,,,0-based,13,2,0,16383,Parameter
novation_summit_and_peak_nrpn_134,novation_summit_and_peak,MOD MX14 Depth,,,0-based,14,2,0,16383,Parameter
novation_summit_and_peak_nrpn_135,novation_summit_and_peak,MOD MX15 Depth,,,0-based,15,2,0,16383,Parameter
novation_summit_and_peak_nrpn_136,novation_summit_and_peak,MOD MX16 Depth,,,0-based,16,2,0,16383,Parameter
novation_summit_and_peak_nrpn_137,novation_summit_and_peak,FX MX1 Depth,,,0-based,17,2,0,16383,Parameter
novation_summit_and_peak_nrpn_138,novation_summit_and_peak,FX MX2 Depth,,,0-based,18,2,0,16383,Parameter
novation_summit_and_peak_nrpn_139,novation_summit_and_peak,FX MX3 Depth,,,0-based,19,2,0,16383,Parameter
novation_summit_and_peak_nrpn_140,novation_summit_and_peak,FX MX4 Depth,,,0-based,20,2,0,16383,Parameter
novation_summit_and_peak_nrpn_141,novation_summit_and_peak,FX MX5 Depth,,,0-based,21,2,0,16383,Parameter
novation_summit_and_peak_nrpn_142,novation_summit_and_peak,FX MX6 Depth,,,0-based,22,2,0,16383,Parameter
novation_summit_and_peak_nrpn_143,novation_summit_and_peak,FX MX7 Depth,,,0-based,23,2,0,16383,Parameter
novation_summit_and_peak_nrpn_144,novation_summit_and_peak,FX MX8 Depth,,,0-based,24,2,0,16383,Parameter
oberheim_ob-6_nrpn_0,oberheim_ob-6,Noise Level0127,,,0-based,0,32,0,16383,Parameter
oberheim_ob-6_nrpn_1,oberheim_ob-6,PAN Spread0127,,,0-based,0,63,0,16383,Parameter
oberheim_ob-6_nrpn_2,oberheim_ob-6,LFO Freq0254,,,0-based,0,88,0,16383,Parameter
oberheim_ob-6_nrpn_3,oberheim_ob-6,LFO Amt0255,,,0-based,0,89,0,16383,Parameter
oberheim_ob-6_nrpn_4,oberheim_ob-6,LFO Shape04,,,0-based,0,90,0,16383,Parameter
oberheim_ob-6_nrpn_5,oberheim_ob-6,LFO Sync01,,,0-based,0,91,0,16383,Parameter
oberheim_ob-6_nrpn_6,oberheim_ob-6,FX1 Type05,,,0-based,0,119,0,16383,Parameter
oberheim_ob-6_nrpn_7,oberheim_ob-6,FX1 Mix0127,,,0-based,0,120,0,16383,Parameter
oberheim_ob-6_nrpn_8,oberheim_ob-6,FX1 Param10255,,,0-based,0,121,0,16383,Parameter
oberheim_ob-6_nrpn_9,oberheim_ob-6,FX1 Param20127,,,0-based,0,122,0,16383,Parameter
oberheim_ob-6_nrpn_10,oberheim_ob-6,FX2 Type09,,,0-based,0,127,0,16383,Parameter
oberheim_ob-6_nrpn_11,oberheim_ob-6,FX2 Mix0127,,,0-based,0,128,0,16383,Parameter
oberheim_ob-6_nrpn_12,oberheim_ob-6,FX2 Param10255,,,0-based,0,129,0,16383,Parameter
oberheim_ob-6_nrpn_13,oberheim_ob-6,FX2 Param20127,,,0-based,0,130,0,16383,Parameter
oberheim_ob-6_nrpn_14,oberheim_ob-6,FX ON Off01,,,0-based,0,135,0,16383,Parameter
oberheim_ob-6_nrpn_15,oberheim_ob-6,X MOD Filter ENV Amt0254,,,0-based,0,143,0,16383,Parameter
oberheim_ob-6_nrpn_16,oberheim_ob-6,X MOD VCO2 Amt0254,,,0-based,0,144,0,16383,Parameter
roland_jd-xa_nrpn_0,roland_jd-xa,P1 LFO Shape,,,0-based,0,3,0,16383,Parameter
roland_jd-xa_nrpn_1,roland_jd-xa,P2 LFO Shape,,,0-based,0,4,0,16383,Parameter
roland_jd-xa_nrpn_2,roland_jd-xa,P3 LFO Shape,,,0-based,0,5,0,16383,Parameter
roland_jd-xa_nrpn_3,roland_jd-xa,P1 LFO Pitch Depth,,,0-based,0,15,0,16383,Parameter
roland_jd-xa_nrpn_4,roland_jd-xa,P2 LFO Pitch Depth,,,0-based,0,16,0,16383,Parameter
roland_jd-xa_nrpn_5,roland_jd-xa,P3 LFO Pitch Depth,,,0-based,0,17,0,16383,Parameter
roland_jd-xa_nrpn_6,roland_jd-xa,P1 LFO Filter Depth,,,0-based,0,18,0,16383,Parameter
roland_jd-xa_nrpn_7,roland_jd-xa,P2 LFO Filter Depth,,,0-based,0,19,0,16383,Parameter
roland_jd-xa_nrpn_8,roland_jd-xa,P3 LFO Filter Depth,,,0-based,0,20,0,16383,Parameter
roland_jd-xa_nrpn_9,roland_jd-xa,P1 LFO AMP Depth,,,0-based,0,21,0,16383,Parameter
roland_jd-xa_nrpn_10,roland_jd-xa,P2 LFO AMP Depth,,,0-based,0,22,0,16383,Parameter
roland_jd-xa_nrpn_11,roland_jd-xa,P3 LFO AMP Depth,,,0-based,0,23,0,16383,Parameter
roland_jd-xa_nrpn_12,roland_jd-xa,Analog Pulse Width,,,0-based,0,37,0,16383,Parameter
roland_jd-xa_nrpn_13,roland_jd-xa,P1 Envelope,,,0-based,0,124,0,16383,Parameter
roland_jd-xa_nrpn_14,roland_jd-xa,P2 Envelope,,,0-based,0,125,0,16383,Parameter
roland_jd-xa_nrpn_15,roland_jd-xa,P3 Envelope,,,0-based,0,126,0,16383,Parameter
